Filename,Question
100096-Door_stopper_vibrate_01-SFXBible-ss01820.wav,1
100306-Mud_wet_squirt_splat_04-SFXBible-ss00996.wav,2
101412-Engine_power_down_02-SFXBible-ss05922.wav,3
105277-Sound_design_radio_accent_stinger_whooshes_dark_01-SFXBible-ss05055.wav,4
107395-Constant_rushing_sound_of_a_mountain_river-AOS00311-01.wav,5
118587-Servo_from_a_Skylift_driving_12.wav,6
121400-Male_Voicedrone_Eb.wav,7
122929-Test_tone_pink_noise-01.wav,8
12425-LIGHTNING-THUNDER.wav,9
126924-Cat_meow_small_and_diminutive.wav,10
13331-clock_fast.wav,11
133467-TNDawn.wav,12
136155-EFX_INT_Sewing_Machine_High_Squeal_01.wav,13
299176-Whistle_Cheer.wav,14
14578-doing_-mouth_harp_4.wav,15
147973-Religous_Bells-01.wav,16
148564-ChildPouting.wav,17
380424-Meridian-ASMR-loop-stippling-spoken-female-veryclose-varying-intimate-plosive-sibilant-breathy-mono.wav,18
156721-Buzzer-Deep-Reverberant-x1-Spacious.wav,19
157526-MB-Turning-Pages-Quickly-03.wav,20
161751-SFX-Reveal-Peaceful_Harmony-Long.wav,21
183852-Sinematic_-Risers-09.wav,22
205001-BalloonStretchSM15.wav,23
207346-EFX_INT_Phone_ringer_medium_distance_01.wav,24
209418-EFX_SD_Dry_Ice_and_Metal_03_B.wav,25
209431-EFX_SD_Dry_Ice_and_Metal_10_A.wav,26
224898-Air-Divide-Fm-120.wav,27
224992-Attack-Kick08.wav,28
232798-Parched-drawing-crisp-paper-notebook-pen-stroke-long-smooth-alt.wav,29
23305-big-fuzzy-bass116.wav,30
235826-VaeyanIII-medicaldevices-CPRbag-mouthspout-exhale-long-intense.wav,31
238071-Bloody_Nightmare_-Psychological-01.wav,32
240269-Breathies.wav,33
240530-city_crickets_night_some_traffic-01.wav,34
245337-SPIN02.wav,35
245389-spring_ThunderTube-04.wav,36
246330-MAFX002_Backpack_small_coil_zipper_-normal_speed_zips.wav,37
246680-TrainVeryDistantRain01.wav,38
253384-pool_splash_4.wav,39
259034-KAIB-WATR-MED-Light_Water_Movement_Below_Surface_High_Pitch-000825.wav,40
259780-Firework_Spin-Helicopter_Spinner-Sputter-ST.wav,41
264372-EFX_INT_Bacon_Frying_Gas_Griddle_03_B.wav,42
267074-wind_down_chimney.wav,43
270970-Water-11-City-Rain-Roof-T05.wav,44
273532-Death-Game-Over-1.wav,45
273654-Negative-Live-Lost.wav,46
275298-Game-Soft-Short-Blood-Spill.wav,47
275801-Breaking_Glass_10-Window.wav,48
276361-25.wav,49
28602-Male1-Hurt4.wav,50
289304-International_basketball_game_-referee_whistle-crowd_walla-light_clapping (1).wav,51
289947-HOT_BALL_BEARING_-Syrup_-Small_Bubbling-Boil-Viscous-Thick_bubble-D100.wav,52
300107-SYMBOL-WIN-REVEAL-TRIGGER-02-Sounds-of-China.wav,53
307480-PM-BlurryDreams-06.wav,54
313789-Vintage-Dot-Matrix-Printer-Long-Burst_04.wav,55
323611-Soda_can_pops_and_opening_-created_with_granular_spatialization_-harsh_air_release-.wav,56
324614-Baby_Infant_Talking_Vocalizations_Happy_Then_Cranky-01.wav,57
333615-SFX_Fire_torch_burn_whoosh_with_crackling.wav,58
338671-Northland_bush_Tui_bird_croaking.wav,59
344829-Steamengine_LOOP_REAL_coal_slow_pumping_and_thumping_01_heavy_thuds-OTFA.wav,60
361780-SirenClose25Loopable,61
372351-38_Bull_Bird-Roar_Sequence-No_Background-Fog_Forest-1.wav,62
380420-Meridian-ASMR-loop-scratching-wirebrush-wood-slow-irregular-thin-grating-mono.wav,63
389984-Party-Pack-Oidz-Magnet-Sizzling-Very-Short-06.wav,64
397443-EW-foliage-WillowOak-leaves-small-thin-rustle-bold-shift-trudge.wav,65
398323-DEBRIS_STONE_CONCRETE_ceramics_tile_smash_1_ext.wav,66
398638-AMBIENCE_-Storm_Ciara_-Coming_to_a_rest-01.wav,67
404281-SUBMARINE_-Isolated_Sonar_Bleep_Signal_-Loop_004318_.wav,68
413886-Robotic_Lifeforms_2_-Whooshes_-Alien_Chopping_Passby_04.wav,69
41829-FOLEY_FOOTSTEPS_HAY_CEMENT_DEBRIS_RUN_STOP_RUN_01.wav,70
87137-Sneaker_footsteps_on_snow_walk_crunch-BLASTWAVEFX-23701.wav,71
438564-Bullet-Cartoon-Ricochet-Whiz-Whine-Dramatic.wav,72
441936-Leather_Horse_Saddle_Mvmnt-03.wav,73
450682-Finger_Snap-Male-Strong-x2-Medium_Distant-XY_Stereo.wav,74
453001-Clock_Radio-Acculogic-ACR1101-03-Alarm-Beep-Transition-Uncovered_to_Covered-MS_Decoded-MKH_8050-31.wav,75
466643-Whistle_8.wav,76
467388-Queetsh-ForkOnPlate-VeryHighShortGrainySlideFeep-contact-192kHz.wav,77
46848-ANIMAL_CHICKEN_CLUCK_BARK_01.wav,78
469378-Source-Metal-Sheet-Rattle-Resonate.wav,79
470886-Crushing_Small_Paper_Bag_2,80
474980-Water-Underwater-Submerge-Toss_into_Water-Fizz-Instamic.wav,81
488104-Fire-Outdoor-Ignite-Woosh-Flames-Flame-Burn-wood-die_out-01.wav,82
492604-processed-transmission-loop-01.wav,83
51690-WATER_TUBE_SLOSH_01.wav,84
51964-INDUSTRY_VEHICLES_SEMI_TRUCK_1997_MAC_427_START_ENGINE_STALL_01.wav,85
5258-Cigarette-with-afterburn,86
529562-Whistling_Wind-17.wav,87
63692-Heart_beat_slow_speed_human_hospital_loop-BLASTWAVEFX-1614.wav,88
69277-Sound_design_sweeper_deep_distorted_horn-BLASTWAVEFX-08847.wav,89
69384-Sound_design_sweeper_vocal_PAd-BLASTWAVEFX-08852.wav,90
69517-Musical_element_tymPAni_melody_low-BLASTWAVEFX-06430.wav,91
71375-Piano_PAd_delay-BLASTWAVEFX-06649.wav,92
71849-Sound_design_element_ambience_energy_field_modulation_flutter_droneBLASTWAVEFX-7781.wav,93
76975-Bed_short_static_crackle_bursts-BLASTWAVEFX-12875.wav,94
77211-Wood_crash_crack_splinter_split_ceiling-BLASTWAVEFX-14327.wav,95
91113-Bed_synth_vox_pad_shimmer_delay-BLASTWAVEFX-26041.wav,96
94448-Sound_design_shimmer_accent_bells_chopper_flange-BLASTWAVEFX-28967.wav,97
94603-Sound_design_stinger_short_power_up_zap-BLASTWAVEFX-29960.wav,98
SawStretched_03.wav,99
390896-Radio-Noise-Long-Wave-01-05_LOOP.wav,100
