StartDate,EndDate,Status,IPAddress,Progress,Duration (in seconds),Finished,RecordedDate,ResponseId,RecipientLastName,RecipientFirstName,RecipientEmail,ExternalReference,LocationLatitude,LocationLongitude,DistributionChannel,UserLanguage,Q3_1,Q3_2,Q1_1,Q1_2,Q2_1,Q2_2,Q3_1,Q3_2,Q4_1,Q4_2,Q5_1,Q5_2,Q6_1,Q6_2,Q7_1,Q7_2,Q229_1,Q229_2,Q8_1,Q8_2,Q9_1,Q9_2,Q10_1,Q10_2,Q11_1,Q11_2,Q12_1,Q12_2,Q13_1,Q13_2,Q14_1,Q14_2,Q15_1,Q15_2,Q16_1,Q16_2,Q17_1,Q17_2,Q18_1,Q18_2,Q19_1,Q19_2,Q20_1,Q20_2,Q21_1,Q21_2,Q22_1,Q22_2,Q23_1,Q23_2,Q24_1,Q24_2,Q25_1,Q25_2,Q26_1,Q26_2,Q27_1,Q27_2,Q28_1,Q28_2,Q29_1,Q29_2,Q30_1,Q30_2,Q31_1,Q31_2,Q32_1,Q32_2,Q33_1,Q33_2,Q34_1,Q34_2,Q35_1,Q35_2,Q36_1,Q36_2,Q37_1,Q37_2,Q38_1,Q38_2,Q39_1,Q39_2,Q40_1,Q40_2,Q41_1,Q41_2,Q42_1,Q42_2,Q43_1,Q43_2,Q44_1,Q44_2,Q45_1,Q45_2,Q46_1,Q46_2,Q47_1,Q47_2,Q48_1,Q48_2,Q49_1,Q49_2,Q50_1,Q50_2,Q51_1,Q51_2,Q52_1,Q52_2,Q53_1,Q53_2,Q54_1,Q54_2,Q55_1,Q55_2,Q56_1,Q56_2,Q57_1,Q57_2,Q58_1,Q58_2,Q59_1,Q59_2,Q60_1,Q60_2,Q61_1,Q61_2,Q62_1,Q62_2,Q63_1,Q63_2,Q64_1,Q64_2,Q65_1,Q65_2,Q66_1,Q66_2,Q67_1,Q67_2,Q68_1,Q68_2,Q69_1,Q69_2,Q70_1,Q70_2,Q71_1,Q71_2,Q72_1,Q72_2,Q73_1,Q73_2,Q74_1,Q74_2,Q75_1,Q75_2,Q76_1,Q76_2,Q77_1,Q77_2,Q78_1,Q78_2,Q79_1,Q79_2,Q80_1,Q80_2,Q81_1,Q81_2,Q82_1,Q82_2,Q83_1,Q83_2,Q84_1,Q84_2,Q85_1,Q85_2,Q86_1,Q86_2,Q87_1,Q87_2,Q88_1,Q88_2,Q89_1,Q89_2,Q90_1,Q90_2,Q91_1,Q91_2,Q92_1,Q92_2,Q93_1,Q93_2,Q94_1,Q94_2,Q95_1,Q95_2,Q96_1,Q96_2,Q97_1,Q97_2,Q98_1,Q98_2,Q99_1,Q99_2,Q100_1,Q100_2
Start Date,End Date,Response Type,IP Address,Progress,Duration (in seconds),Finished,Recorded Date,Response ID,Recipient Last Name,Recipient First Name,Recipient Email,External Data Reference,Location Latitude,Location Longitude,Distribution Channel,User Language,"Listen to the recording.

Then tag the sounds feeling and sonic characteristc in the text boxes. - How would you describe the feeling of the sound?","Listen to the recording.

Then tag the sounds feeling and sonic characteristc in the text boxes. - How would you describe the character of the sound?","Listen to the recording.

Then, tag the sounds feeling and sonic characteristic in the text boxes below. - How would you describe the feeling of the sound?","Listen to the recording.

Then, tag the sounds feeling and sonic characteristic in the text boxes below. - How would you describe the character of the sound?","Listen to the recording.

Then, tag the sounds feeling and sonic characteristic in the text boxes below. - How would you describe the feeling of the sound?","Listen to the recording.

Then, tag the sounds feeling and sonic characteristic in the text boxes below. - How would you describe the character of the sound?","Listen to the recording.

Then, tag the sounds feeling and sonic characteristic in the text boxes below. - How would you describe the feeling of the sound?","Listen to the recording.

Then, tag the sounds feeling and sonic characteristic in the text boxes below. - How would you describe the character of the sound?","Listen to the recording.

Then, tag the sounds feeling and sonic characteristic in the text boxes below. - How would you describe the feeling of the sound?","Listen to the recording.

Then, tag the sounds feeling and sonic characteristic in the text boxes below. - How would you describe the character of the sound?","Listen to the recording.

Then, tag the sounds feeling and sonic characteristic in the text boxes below. - How would you describe the feeling of the sound?","Listen to the recording.

Then, tag the sounds feeling and sonic characteristic in the text boxes below. - How would you describe the character of the sound?","Listen to the recording.

Then, tag the sounds feeling and sonic characteristic in the text boxes below. - How would you describe the feeling of the sound?","Listen to the recording.

Then, tag the sounds feeling and sonic characteristic in the text boxes below. - How would you describe the character of the sound?","Listen to the recording.

Then, tag the sounds feeling and sonic characteristic in the text boxes below. - How would you describe the feeling of the sound?","Listen to the recording.

Then, tag the sounds feeling and sonic characteristic in the text boxes below. - How would you describe the character of the sound?","Listen to the recording.

Then, tag the sounds feeling and sonic characteristic in the text boxes below. - How would you describe the feeling of the sound?","Listen to the recording.

Then, tag the sounds feeling and sonic characteristic in the text boxes below. - How would you describe the character of the sound?","Listen to the recording.

Then, tag the sounds feeling and sonic characteristic in the text boxes below. - How would you describe the feeling of the sound?","Listen to the recording.

Then, tag the sounds feeling and sonic characteristic in the text boxes below. - How would you describe the character of the sound?","Listen to the recording.

Then, tag the sounds feeling and sonic characteristic in the text boxes below. - How would you describe the feeling of the sound?","Listen to the recording.

Then, tag the sounds feeling and sonic characteristic in the text boxes below. - How would you describe the character of the sound?","Listen to the recording.

Then, tag the sounds feeling and sonic characteristic in the text boxes below. - How would you describe the feeling of the sound?","Listen to the recording.

Then, tag the sounds feeling and sonic characteristic in the text boxes below. - How would you describe the character of the sound?","Listen to the recording.

Then, tag the sounds feeling and sonic characteristic in the text boxes below. - How would you describe the feeling of the sound?","Listen to the recording.

Then, tag the sounds feeling and sonic characteristic in the text boxes below. - How would you describe the character of the sound?","Listen to the recording.

Then, tag the sounds feeling and sonic characteristic in the text boxes below. - How would you describe the feeling of the sound?","Listen to the recording.

Then, tag the sounds feeling and sonic characteristic in the text boxes below. - How would you describe the character of the sound?","Listen to the recording.

Then, tag the sounds feeling and sonic characteristic in the text boxes below. - How would you describe the feeling of the sound?","Listen to the recording.

Then, tag the sounds feeling and sonic characteristic in the text boxes below. - How would you describe the character of the sound?","Listen to the recording.

Then, tag the sounds feeling and sonic characteristic in the text boxes below. - How would you describe the feeling of the sound?","Listen to the recording.

Then, tag the sounds feeling and sonic characteristic in the text boxes below. - How would you describe the character of the sound?","Listen to the recording.

Then, tag the sounds feeling and sonic characteristic in the text boxes below. - How would you describe the feeling of the sound?","Listen to the recording.

Then, tag the sounds feeling and sonic characteristic in the text boxes below. - How would you describe the character of the sound?","Listen to the recording.

Then, tag the sounds feeling and sonic characteristic in the text boxes below. - How would you describe the feeling of the sound?","Listen to the recording.

Then, tag the sounds feeling and sonic characteristic in the text boxes below. - How would you describe the character of the sound?","Listen to the recording.

Then, tag the sounds feeling and sonic characteristic in the text boxes below. - How would you describe the feeling of the sound?","Listen to the recording.

Then, tag the sounds feeling and sonic characteristic in the text boxes below. - How would you describe the character of the sound?","Listen to the recording.

Then, tag the sounds feeling and sonic characteristic in the text boxes below. - How would you describe the feeling of the sound?","Listen to the recording.

Then, tag the sounds feeling and sonic characteristic in the text boxes below. - How would you describe the character of the sound?","Listen to the recording.

Then, tag the sounds feeling and sonic characteristic in the text boxes below. - How would you describe the feeling of the sound?","Listen to the recording.

Then, tag the sounds feeling and sonic characteristic in the text boxes below. - How would you describe the character of the sound?","Listen to the recording.

Then, tag the sounds feeling and sonic characteristic in the text boxes below. - How would you describe the feeling of the sound?","Listen to the recording.

Then, tag the sounds feeling and sonic characteristic in the text boxes below. - How would you describe the character of the sound?","Listen to the recording.

Then, tag the sounds feeling and sonic characteristic in the text boxes below. - How would you describe the feeling of the sound?","Listen to the recording.

Then, tag the sounds feeling and sonic characteristic in the text boxes below. - How would you describe the character of the sound?","Listen to the recording.

Then, tag the sounds feeling and sonic characteristic in the text boxes below. - How would you describe the feeling of the sound?","Listen to the recording.

Then, tag the sounds feeling and sonic characteristic in the text boxes below. - How would you describe the character of the sound?","Listen to the recording.

Then, tag the sounds feeling and sonic characteristic in the text boxes below. - How would you describe the feeling of the sound?","Listen to the recording.

Then, tag the sounds feeling and sonic characteristic in the text boxes below. - How would you describe the character of the sound?","Listen to the recording.

Then, tag the sounds feeling and sonic characteristic in the text boxes below. - How would you describe the feeling of the sound?","Listen to the recording.

Then, tag the sounds feeling and sonic characteristic in the text boxes below. - How would you describe the character of the sound?","Listen to the recording.

Then, tag the sounds feeling and sonic characteristic in the text boxes below. - How would you describe the feeling of the sound?","Listen to the recording.

Then, tag the sounds feeling and sonic characteristic in the text boxes below. - How would you describe the character of the sound?","Listen to the recording.

Then, tag the sounds feeling and sonic characteristic in the text boxes below. - How would you describe the feeling of the sound?","Listen to the recording.

Then, tag the sounds feeling and sonic characteristic in the text boxes below. - How would you describe the character of the sound?","Listen to the recording.

Then, tag the sounds feeling and sonic characteristic in the text boxes below. - How would you describe the feeling of the sound?","Listen to the recording.

Then, tag the sounds feeling and sonic characteristic in the text boxes below. - How would you describe the character of the sound?","Listen to the recording.

Then, tag the sounds feeling and sonic characteristic in the text boxes below. - How would you describe the feeling of the sound?","Listen to the recording.

Then, tag the sounds feeling and sonic characteristic in the text boxes below. - How would you describe the character of the sound?","Listen to the recording.

Then, tag the sounds feeling and sonic characteristic in the text boxes below. - How would you describe the feeling of the sound?","Listen to the recording.

Then, tag the sounds feeling and sonic characteristic in the text boxes below. - How would you describe the character of the sound?","Listen to the recording.

Then, tag the sounds feeling and sonic characteristic in the text boxes below. - How would you describe the feeling of the sound?","Listen to the recording.

Then, tag the sounds feeling and sonic characteristic in the text boxes below. - How would you describe the character of the sound?","Listen to the recording.

Then, tag the sounds feeling and sonic characteristic in the text boxes below. - How would you describe the feeling of the sound?","Listen to the recording.

Then, tag the sounds feeling and sonic characteristic in the text boxes below. - How would you describe the character of the sound?","Listen to the recording.

Then, tag the sounds feeling and sonic characteristic in the text boxes below. - How would you describe the feeling of the sound?","Listen to the recording.

Then, tag the sounds feeling and sonic characteristic in the text boxes below. - How would you describe the character of the sound?","Listen to the recording.

Then, tag the sounds feeling and sonic characteristic in the text boxes below. - How would you describe the feeling of the sound?","Listen to the recording.

Then, tag the sounds feeling and sonic characteristic in the text boxes below. - How would you describe the character of the sound?","Listen to the recording.

Then, tag the sounds feeling and sonic characteristic in the text boxes below. - How would you describe the feeling of the sound?","Listen to the recording.

Then, tag the sounds feeling and sonic characteristic in the text boxes below. - How would you describe the character of the sound?","Listen to the recording.

Then, tag the sounds feeling and sonic characteristic in the text boxes below. - How would you describe the feeling of the sound?","Listen to the recording.

Then, tag the sounds feeling and sonic characteristic in the text boxes below. - How would you describe the character of the sound?","Listen to the recording.

Then, tag the sounds feeling and sonic characteristic in the text boxes below. - How would you describe the feeling of the sound?","Listen to the recording.

Then, tag the sounds feeling and sonic characteristic in the text boxes below. - How would you describe the character of the sound?","Listen to the recording.

Then, tag the sounds feeling and sonic characteristic in the text boxes below. - How would you describe the feeling of the sound?","Listen to the recording.

Then, tag the sounds feeling and sonic characteristic in the text boxes below. - How would you describe the character of the sound?","Listen to the recording.

Then, tag the sounds feeling and sonic characteristic in the text boxes below. - How would you describe the feeling of the sound?","Listen to the recording.

Then, tag the sounds feeling and sonic characteristic in the text boxes below. - How would you describe the character of the sound?","Listen to the recording.

Then, tag the sounds feeling and sonic characteristic in the text boxes below. - How would you describe the feeling of the sound?","Listen to the recording.

Then, tag the sounds feeling and sonic characteristic in the text boxes below. - How would you describe the character of the sound?","Listen to the recording.

Then, tag the sounds feeling and sonic characteristic in the text boxes below. - How would you describe the feeling of the sound?","Listen to the recording.

Then, tag the sounds feeling and sonic characteristic in the text boxes below. - How would you describe the character of the sound?","Listen to the recording.

Then, tag the sounds feeling and sonic characteristic in the text boxes below. - How would you describe the feeling of the sound?","Listen to the recording.

Then, tag the sounds feeling and sonic characteristic in the text boxes below. - How would you describe the character of the sound?","Listen to the recording.

Then, tag the sounds feeling and sonic characteristic in the text boxes below. - How would you describe the feeling of the sound?","Listen to the recording.

Then, tag the sounds feeling and sonic characteristic in the text boxes below. - How would you describe the character of the sound?","Listen to the recording.

Then, tag the sounds feeling and sonic characteristic in the text boxes below. - How would you describe the feeling of the sound?","Listen to the recording.

Then, tag the sounds feeling and sonic characteristic in the text boxes below. - How would you describe the character of the sound?","Listen to the recording.

Then, tag the sounds feeling and sonic characteristic in the text boxes below. - How would you describe the feeling of the sound?","Listen to the recording.

Then, tag the sounds feeling and sonic characteristic in the text boxes below. - How would you describe the character of the sound?","Listen to the recording.

Then, tag the sounds feeling and sonic characteristic in the text boxes below. - How would you describe the feeling of the sound?","Listen to the recording.

Then, tag the sounds feeling and sonic characteristic in the text boxes below. - How would you describe the character of the sound?","Listen to the recording.

Then, tag the sounds feeling and sonic characteristic in the text boxes below. - How would you describe the feeling of the sound?","Listen to the recording.

Then, tag the sounds feeling and sonic characteristic in the text boxes below. - How would you describe the character of the sound?","Listen to the recording.

Then, tag the sounds feeling and sonic characteristic in the text boxes below. - How would you describe the feeling of the sound?","Listen to the recording.

Then, tag the sounds feeling and sonic characteristic in the text boxes below. - How would you describe the character of the sound?","Listen to the recording.

Then, tag the sounds feeling and sonic characteristic in the text boxes below. - How would you describe the feeling of the sound?","Listen to the recording.

Then, tag the sounds feeling and sonic characteristic in the text boxes below. - How would you describe the character of the sound?","Listen to the recording.

Then, tag the sounds feeling and sonic characteristic in the text boxes below. - How would you describe the feeling of the sound?","Listen to the recording.

Then, tag the sounds feeling and sonic characteristic in the text boxes below. - How would you describe the character of the sound?","Listen to the recording.

Then, tag the sounds feeling and sonic characteristic in the text boxes below. - How would you describe the feeling of the sound?","Listen to the recording.

Then, tag the sounds feeling and sonic characteristic in the text boxes below. - How would you describe the character of the sound?","Listen to the recording.

Then, tag the sounds feeling and sonic characteristic in the text boxes below. - How would you describe the feeling of the sound?","Listen to the recording.

Then, tag the sounds feeling and sonic characteristic in the text boxes below. - How would you describe the character of the sound?","Listen to the recording.

Then, tag the sounds feeling and sonic characteristic in the text boxes below. - How would you describe the feeling of the sound?","Listen to the recording.

Then, tag the sounds feeling and sonic characteristic in the text boxes below. - How would you describe the character of the sound?","Listen to the recording.

Then, tag the sounds feeling and sonic characteristic in the text boxes below. - How would you describe the feeling of the sound?","Listen to the recording.

Then, tag the sounds feeling and sonic characteristic in the text boxes below. - How would you describe the character of the sound?","Listen to the recording.

Then, tag the sounds feeling and sonic characteristic in the text boxes below. - How would you describe the feeling of the sound?","Listen to the recording.

Then, tag the sounds feeling and sonic characteristic in the text boxes below. - How would you describe the character of the sound?","Listen to the recording.

Then, tag the sounds feeling and sonic characteristic in the text boxes below. - How would you describe the feeling of the sound?","Listen to the recording.

Then, tag the sounds feeling and sonic characteristic in the text boxes below. - How would you describe the character of the sound?","Listen to the recording.

Then, tag the sounds feeling and sonic characteristic in the text boxes below. - How would you describe the feeling of the sound?","Listen to the recording.

Then, tag the sounds feeling and sonic characteristic in the text boxes below. - How would you describe the character of the sound?","Listen to the recording.

Then, tag the sounds feeling and sonic characteristic in the text boxes below. - How would you describe the feeling of the sound?","Listen to the recording.

Then, tag the sounds feeling and sonic characteristic in the text boxes below. - How would you describe the character of the sound?","Listen to the recording.

Then, tag the sounds feeling and sonic characteristic in the text boxes below. - How would you describe the feeling of the sound?","Listen to the recording.

Then, tag the sounds feeling and sonic characteristic in the text boxes below. - How would you describe the character of the sound?","Listen to the recording.

Then, tag the sounds feeling and sonic characteristic in the text boxes below. - How would you describe the feeling of the sound?","Listen to the recording.

Then, tag the sounds feeling and sonic characteristic in the text boxes below. - How would you describe the character of the sound?","Listen to the recording.

Then, tag the sounds feeling and sonic characteristic in the text boxes below. - How would you describe the feeling of the sound?","Listen to the recording.

Then, tag the sounds feeling and sonic characteristic in the text boxes below. - How would you describe the character of the sound?","Listen to the recording.

Then, tag the sounds feeling and sonic characteristic in the text boxes below. - How would you describe the feeling of the sound?","Listen to the recording.

Then, tag the sounds feeling and sonic characteristic in the text boxes below. - How would you describe the character of the sound?","Listen to the recording.

Then, tag the sounds feeling and sonic characteristic in the text boxes below. - How would you describe the feeling of the sound?","Listen to the recording.

Then, tag the sounds feeling and sonic characteristic in the text boxes below. - How would you describe the character of the sound?","Listen to the recording.

Then, tag the sounds feeling and sonic characteristic in the text boxes below. - How would you describe the feeling of the sound?","Listen to the recording.

Then, tag the sounds feeling and sonic characteristic in the text boxes below. - How would you describe the character of the sound?","Listen to the recording.

Then, tag the sounds feeling and sonic characteristic in the text boxes below. - How would you describe the feeling of the sound?","Listen to the recording.

Then, tag the sounds feeling and sonic characteristic in the text boxes below. - How would you describe the character of the sound?","Listen to the recording.

Then, tag the sounds feeling and sonic characteristic in the text boxes below. - How would you describe the feeling of the sound?","Listen to the recording.

Then, tag the sounds feeling and sonic characteristic in the text boxes below. - How would you describe the character of the sound?","Listen to the recording.

Then, tag the sounds feeling and sonic characteristic in the text boxes below. - How would you describe the feeling of the sound?","Listen to the recording.

Then, tag the sounds feeling and sonic characteristic in the text boxes below. - How would you describe the character of the sound?","Listen to the recording.

Then, tag the sounds feeling and sonic characteristic in the text boxes below. - How would you describe the feeling of the sound?","Listen to the recording.

Then, tag the sounds feeling and sonic characteristic in the text boxes below. - How would you describe the character of the sound?","Listen to the recording.

Then, tag the sounds feeling and sonic characteristic in the text boxes below. - How would you describe the feeling of the sound?","Listen to the recording.

Then, tag the sounds feeling and sonic characteristic in the text boxes below. - How would you describe the character of the sound?","Listen to the recording.

Then, tag the sounds feeling and sonic characteristic in the text boxes below. - How would you describe the feeling of the sound?","Listen to the recording.

Then, tag the sounds feeling and sonic characteristic in the text boxes below. - How would you describe the character of the sound?","Listen to the recording.

Then, tag the sounds feeling and sonic characteristic in the text boxes below. - How would you describe the feeling of the sound?","Listen to the recording.

Then, tag the sounds feeling and sonic characteristic in the text boxes below. - How would you describe the character of the sound?","Listen to the recording.

Then, tag the sounds feeling and sonic characteristic in the text boxes below. - How would you describe the feeling of the sound?","Listen to the recording.

Then, tag the sounds feeling and sonic characteristic in the text boxes below. - How would you describe the character of the sound?","Listen to the recording.

Then, tag the sounds feeling and sonic characteristic in the text boxes below. - How would you describe the feeling of the sound?","Listen to the recording.

Then, tag the sounds feeling and sonic characteristic in the text boxes below. - How would you describe the character of the sound?","Listen to the recording.

Then, tag the sounds feeling and sonic characteristic in the text boxes below. - How would you describe the feeling of the sound?","Listen to the recording.

Then, tag the sounds feeling and sonic characteristic in the text boxes below. - How would you describe the character of the sound?","Listen to the recording.

Then, tag the sounds feeling and sonic characteristic in the text boxes below. - How would you describe the feeling of the sound?","Listen to the recording.

Then, tag the sounds feeling and sonic characteristic in the text boxes below. - How would you describe the character of the sound?","Listen to the recording.

Then, tag the sounds feeling and sonic characteristic in the text boxes below. - How would you describe the feeling of the sound?","Listen to the recording.

Then, tag the sounds feeling and sonic characteristic in the text boxes below. - How would you describe the character of the sound?","Listen to the recording.

Then, tag the sounds feeling and sonic characteristic in the text boxes below. - How would you describe the feeling of the sound?","Listen to the recording.

Then, tag the sounds feeling and sonic characteristic in the text boxes below. - How would you describe the character of the sound?","Listen to the recording.

Then, tag the sounds feeling and sonic characteristic in the text boxes below. - How would you describe the feeling of the sound?","Listen to the recording.

Then, tag the sounds feeling and sonic characteristic in the text boxes below. - How would you describe the character of the sound?","Listen to the recording.

Then, tag the sounds feeling and sonic characteristic in the text boxes below. - How would you describe the feeling of the sound?","Listen to the recording.

Then, tag the sounds feeling and sonic characteristic in the text boxes below. - How would you describe the character of the sound?","Listen to the recording.

Then, tag the sounds feeling and sonic characteristic in the text boxes below. - How would you describe the feeling of the sound?","Listen to the recording.

Then, tag the sounds feeling and sonic characteristic in the text boxes below. - How would you describe the character of the sound?","Listen to the recording.

Then, tag the sounds feeling and sonic characteristic in the text boxes below. - How would you describe the feeling of the sound?","Listen to the recording.

Then, tag the sounds feeling and sonic characteristic in the text boxes below. - How would you describe the character of the sound?","Listen to the recording.

Then, tag the sounds feeling and sonic characteristic in the text boxes below. - How would you describe the feeling of the sound?","Listen to the recording.

Then, tag the sounds feeling and sonic characteristic in the text boxes below. - How would you describe the character of the sound?","Listen to the recording.

Then, tag the sounds feeling and sonic characteristic in the text boxes below. - How would you describe the feeling of the sound?","Listen to the recording.

Then, tag the sounds feeling and sonic characteristic in the text boxes below. - How would you describe the character of the sound?","Listen to the recording.

Then, tag the sounds feeling and sonic characteristic in the text boxes below. - How would you describe the feeling of the sound?","Listen to the recording.

Then, tag the sounds feeling and sonic characteristic in the text boxes below. - How would you describe the character of the sound?","Listen to the recording.

Then, tag the sounds feeling and sonic characteristic in the text boxes below. - How would you describe the feeling of the sound?","Listen to the recording.

Then, tag the sounds feeling and sonic characteristic in the text boxes below. - How would you describe the character of the sound?","Listen to the recording.

Then, tag the sounds feeling and sonic characteristic in the text boxes below. - How would you describe the feeling of the sound?","Listen to the recording.

Then, tag the sounds feeling and sonic characteristic in the text boxes below. - How would you describe the character of the sound?","Listen to the recording.

Then, tag the sounds feeling and sonic characteristic in the text boxes below. - How would you describe the feeling of the sound?","Listen to the recording.

Then, tag the sounds feeling and sonic characteristic in the text boxes below. - How would you describe the character of the sound?","Listen to the recording.

Then, tag the sounds feeling and sonic characteristic in the text boxes below. - How would you describe the feeling of the sound?","Listen to the recording.

Then, tag the sounds feeling and sonic characteristic in the text boxes below. - How would you describe the character of the sound?","Listen to the recording.

Then, tag the sounds feeling and sonic characteristic in the text boxes below. - How would you describe the feeling of the sound?","Listen to the recording.

Then, tag the sounds feeling and sonic characteristic in the text boxes below. - How would you describe the character of the sound?","Listen to the recording.

Then, tag the sounds feeling and sonic characteristic in the text boxes below. - How would you describe the feeling of the sound?","Listen to the recording.

Then, tag the sounds feeling and sonic characteristic in the text boxes below. - How would you describe the character of the sound?","Listen to the recording.

Then, tag the sounds feeling and sonic characteristic in the text boxes below. - How would you describe the feeling of the sound?","Listen to the recording.

Then, tag the sounds feeling and sonic characteristic in the text boxes below. - How would you describe the character of the sound?","Listen to the recording.

Then, tag the sounds feeling and sonic characteristic in the text boxes below. - How would you describe the feeling of the sound?","Listen to the recording.

Then, tag the sounds feeling and sonic characteristic in the text boxes below. - How would you describe the character of the sound?","Listen to the recording.

Then, tag the sounds feeling and sonic characteristic in the text boxes below. - How would you describe the feeling of the sound?","Listen to the recording.

Then, tag the sounds feeling and sonic characteristic in the text boxes below. - How would you describe the character of the sound?","Listen to the recording.

Then, tag the sounds feeling and sonic characteristic in the text boxes below. - How would you describe the feeling of the sound?","Listen to the recording.

Then, tag the sounds feeling and sonic characteristic in the text boxes below. - How would you describe the character of the sound?","Listen to the recording.

Then, tag the sounds feeling and sonic characteristic in the text boxes below. - How would you describe the feeling of the sound?","Listen to the recording.

Then, tag the sounds feeling and sonic characteristic in the text boxes below. - How would you describe the character of the sound?","Listen to the recording.

Then, tag the sounds feeling and sonic characteristic in the text boxes below. - How would you describe the feeling of the sound?","Listen to the recording.

Then, tag the sounds feeling and sonic characteristic in the text boxes below. - How would you describe the character of the sound?","Listen to the recording.

Then, tag the sounds feeling and sonic characteristic in the text boxes below. - How would you describe the feeling of the sound?","Listen to the recording.

Then, tag the sounds feeling and sonic characteristic in the text boxes below. - How would you describe the character of the sound?","Listen to the recording.

Then, tag the sounds feeling and sonic characteristic in the text boxes below. - How would you describe the feeling of the sound?","Listen to the recording.

Then, tag the sounds feeling and sonic characteristic in the text boxes below. - How would you describe the character of the sound?","Listen to the recording.

Then, tag the sounds feeling and sonic characteristic in the text boxes below. - How would you describe the feeling of the sound?","Listen to the recording.

Then, tag the sounds feeling and sonic characteristic in the text boxes below. - How would you describe the character of the sound?","Listen to the recording.

Then, tag the sounds feeling and sonic characteristic in the text boxes below. - How would you describe the feeling of the sound?","Listen to the recording.

Then, tag the sounds feeling and sonic characteristic in the text boxes below. - How would you describe the character of the sound?","Listen to the recording.

Then, tag the sounds feeling and sonic characteristic in the text boxes below. - How would you describe the feeling of the sound?","Listen to the recording.

Then, tag the sounds feeling and sonic characteristic in the text boxes below. - How would you describe the character of the sound?"
"{""ImportId"":""startDate"",""timeZone"":""America/Denver""}","{""ImportId"":""endDate"",""timeZone"":""America/Denver""}","{""ImportId"":""status""}","{""ImportId"":""ipAddress""}","{""ImportId"":""progress""}","{""ImportId"":""duration""}","{""ImportId"":""finished""}","{""ImportId"":""recordedDate"",""timeZone"":""America/Denver""}","{""ImportId"":""_recordId""}","{""ImportId"":""recipientLastName""}","{""ImportId"":""recipientFirstName""}","{""ImportId"":""recipientEmail""}","{""ImportId"":""externalDataReference""}","{""ImportId"":""locationLatitude""}","{""ImportId"":""locationLongitude""}","{""ImportId"":""distributionChannel""}","{""ImportId"":""userLanguage""}","{""ImportId"":""QID19_1""}","{""ImportId"":""QID19_2""}","{""ImportId"":""QID22_1""}","{""ImportId"":""QID22_2""}","{""ImportId"":""QID127_1""}","{""ImportId"":""QID127_2""}","{""ImportId"":""QID128_1""}","{""ImportId"":""QID128_2""}","{""ImportId"":""QID129_1""}","{""ImportId"":""QID129_2""}","{""ImportId"":""QID130_1""}","{""ImportId"":""QID130_2""}","{""ImportId"":""QID131_1""}","{""ImportId"":""QID131_2""}","{""ImportId"":""QID132_1""}","{""ImportId"":""QID132_2""}","{""ImportId"":""QID230_1""}","{""ImportId"":""QID230_2""}","{""ImportId"":""QID133_1""}","{""ImportId"":""QID133_2""}","{""ImportId"":""QID138_1""}","{""ImportId"":""QID138_2""}","{""ImportId"":""QID139_1""}","{""ImportId"":""QID139_2""}","{""ImportId"":""QID140_1""}","{""ImportId"":""QID140_2""}","{""ImportId"":""QID141_1""}","{""ImportId"":""QID141_2""}","{""ImportId"":""QID142_1""}","{""ImportId"":""QID142_2""}","{""ImportId"":""QID143_1""}","{""ImportId"":""QID143_2""}","{""ImportId"":""QID144_1""}","{""ImportId"":""QID144_2""}","{""ImportId"":""QID145_1""}","{""ImportId"":""QID145_2""}","{""ImportId"":""QID146_1""}","{""ImportId"":""QID146_2""}","{""ImportId"":""QID147_1""}","{""ImportId"":""QID147_2""}","{""ImportId"":""QID148_1""}","{""ImportId"":""QID148_2""}","{""ImportId"":""QID149_1""}","{""ImportId"":""QID149_2""}","{""ImportId"":""QID150_1""}","{""ImportId"":""QID150_2""}","{""ImportId"":""QID151_1""}","{""ImportId"":""QID151_2""}","{""ImportId"":""QID152_1""}","{""ImportId"":""QID152_2""}","{""ImportId"":""QID153_1""}","{""ImportId"":""QID153_2""}","{""ImportId"":""QID154_1""}","{""ImportId"":""QID154_2""}","{""ImportId"":""QID155_1""}","{""ImportId"":""QID155_2""}","{""ImportId"":""QID156_1""}","{""ImportId"":""QID156_2""}","{""ImportId"":""QID157_1""}","{""ImportId"":""QID157_2""}","{""ImportId"":""QID158_1""}","{""ImportId"":""QID158_2""}","{""ImportId"":""QID159_1""}","{""ImportId"":""QID159_2""}","{""ImportId"":""QID160_1""}","{""ImportId"":""QID160_2""}","{""ImportId"":""QID161_1""}","{""ImportId"":""QID161_2""}","{""ImportId"":""QID162_1""}","{""ImportId"":""QID162_2""}","{""ImportId"":""QID163_1""}","{""ImportId"":""QID163_2""}","{""ImportId"":""QID164_1""}","{""ImportId"":""QID164_2""}","{""ImportId"":""QID165_1""}","{""ImportId"":""QID165_2""}","{""ImportId"":""QID166_1""}","{""ImportId"":""QID166_2""}","{""ImportId"":""QID167_1""}","{""ImportId"":""QID167_2""}","{""ImportId"":""QID168_1""}","{""ImportId"":""QID168_2""}","{""ImportId"":""QID169_1""}","{""ImportId"":""QID169_2""}","{""ImportId"":""QID170_1""}","{""ImportId"":""QID170_2""}","{""ImportId"":""QID171_1""}","{""ImportId"":""QID171_2""}","{""ImportId"":""QID172_1""}","{""ImportId"":""QID172_2""}","{""ImportId"":""QID173_1""}","{""ImportId"":""QID173_2""}","{""ImportId"":""QID174_1""}","{""ImportId"":""QID174_2""}","{""ImportId"":""QID175_1""}","{""ImportId"":""QID175_2""}","{""ImportId"":""QID176_1""}","{""ImportId"":""QID176_2""}","{""ImportId"":""QID177_1""}","{""ImportId"":""QID177_2""}","{""ImportId"":""QID178_1""}","{""ImportId"":""QID178_2""}","{""ImportId"":""QID179_1""}","{""ImportId"":""QID179_2""}","{""ImportId"":""QID180_1""}","{""ImportId"":""QID180_2""}","{""ImportId"":""QID181_1""}","{""ImportId"":""QID181_2""}","{""ImportId"":""QID182_1""}","{""ImportId"":""QID182_2""}","{""ImportId"":""QID183_1""}","{""ImportId"":""QID183_2""}","{""ImportId"":""QID184_1""}","{""ImportId"":""QID184_2""}","{""ImportId"":""QID185_1""}","{""ImportId"":""QID185_2""}","{""ImportId"":""QID186_1""}","{""ImportId"":""QID186_2""}","{""ImportId"":""QID187_1""}","{""ImportId"":""QID187_2""}","{""ImportId"":""QID188_1""}","{""ImportId"":""QID188_2""}","{""ImportId"":""QID189_1""}","{""ImportId"":""QID189_2""}","{""ImportId"":""QID190_1""}","{""ImportId"":""QID190_2""}","{""ImportId"":""QID191_1""}","{""ImportId"":""QID191_2""}","{""ImportId"":""QID192_1""}","{""ImportId"":""QID192_2""}","{""ImportId"":""QID193_1""}","{""ImportId"":""QID193_2""}","{""ImportId"":""QID194_1""}","{""ImportId"":""QID194_2""}","{""ImportId"":""QID195_1""}","{""ImportId"":""QID195_2""}","{""ImportId"":""QID196_1""}","{""ImportId"":""QID196_2""}","{""ImportId"":""QID197_1""}","{""ImportId"":""QID197_2""}","{""ImportId"":""QID198_1""}","{""ImportId"":""QID198_2""}","{""ImportId"":""QID199_1""}","{""ImportId"":""QID199_2""}","{""ImportId"":""QID200_1""}","{""ImportId"":""QID200_2""}","{""ImportId"":""QID201_1""}","{""ImportId"":""QID201_2""}","{""ImportId"":""QID202_1""}","{""ImportId"":""QID202_2""}","{""ImportId"":""QID203_1""}","{""ImportId"":""QID203_2""}","{""ImportId"":""QID204_1""}","{""ImportId"":""QID204_2""}","{""ImportId"":""QID205_1""}","{""ImportId"":""QID205_2""}","{""ImportId"":""QID206_1""}","{""ImportId"":""QID206_2""}","{""ImportId"":""QID207_1""}","{""ImportId"":""QID207_2""}","{""ImportId"":""QID208_1""}","{""ImportId"":""QID208_2""}","{""ImportId"":""QID209_1""}","{""ImportId"":""QID209_2""}","{""ImportId"":""QID210_1""}","{""ImportId"":""QID210_2""}","{""ImportId"":""QID211_1""}","{""ImportId"":""QID211_2""}","{""ImportId"":""QID212_1""}","{""ImportId"":""QID212_2""}","{""ImportId"":""QID213_1""}","{""ImportId"":""QID213_2""}","{""ImportId"":""QID214_1""}","{""ImportId"":""QID214_2""}","{""ImportId"":""QID215_1""}","{""ImportId"":""QID215_2""}","{""ImportId"":""QID216_1""}","{""ImportId"":""QID216_2""}","{""ImportId"":""QID217_1""}","{""ImportId"":""QID217_2""}","{""ImportId"":""QID218_1""}","{""ImportId"":""QID218_2""}","{""ImportId"":""QID219_1""}","{""ImportId"":""QID219_2""}","{""ImportId"":""QID220_1""}","{""ImportId"":""QID220_2""}","{""ImportId"":""QID221_1""}","{""ImportId"":""QID221_2""}","{""ImportId"":""QID222_1""}","{""ImportId"":""QID222_2""}","{""ImportId"":""QID223_1""}","{""ImportId"":""QID223_2""}","{""ImportId"":""QID224_1""}","{""ImportId"":""QID224_2""}","{""ImportId"":""QID225_1""}","{""ImportId"":""QID225_2""}","{""ImportId"":""QID226_1""}","{""ImportId"":""QID226_2""}","{""ImportId"":""QID227_1""}","{""ImportId"":""QID227_2""}","{""ImportId"":""QID228_1""}","{""ImportId"":""QID228_2""}","{""ImportId"":""QID229_1""}","{""ImportId"":""QID229_2""}"
2022-03-08 14:40:23,2022-03-08 15:14:46,IP Address,207.102.176.92,100,2063,True,2022-03-08 15:14:47,R_1EZs7L2w4IH1ozc,,,,,49.4817047119140625,-119.5818023681640625,anonymous,EN,sdfsdf,sdfasf,,,,,,,,,,,,,,,,,,,,,,,,,,,,,,,,,,,,,,,,,,,asdfasd,asdfasd,,,,,,,,,,,,,,,,,,,,,,,,,,,,,,,,,,,asdfsad,sadfas,,,,,,,,,,,,,,,asdfa,asdfa,,,,,,,,,,,,,,,,,,,,,sdfas,asdfa,,,,,,,,,,,,,,,,,asdfa,asdfa,,,,,,,,,,,,,,,,,,,,,,,,,,,,,,,,,asdfas,sdfas,,,asdf,asdfsa,,,,,asdfa,asdfsad,,,,,,,,,asdfas,daadsf,,,,,,,,,,,asefa,asdfasef
2022-03-09 04:26:12,2022-03-09 04:44:33,IP Address,83.50.180.161,100,1100,True,2022-03-09 04:44:34,R_cHiSGS48himomqJ,,,,,41.386993408203125,2.17010498046875,anonymous,EN,chaotic,shrill,,,nervous,pitchy,,,,,,,,,,,,,,,,,,,,,,,,,startled,rough,,,,,anxious,vocal,,,,,,,,,,,,,,,,,annoying,raspy,,,determined,reverberant,,,,,,,,,,,,,,,ominous,echoing,,,,,,,,,,,,,,,,,,,,,,,,,,,,,,,,,,,,,,,,,,,,,,,,,panic,assaulting,,,,,,,,,,,,,,,,,,,,,,,,,,,,,,,,,,,,,,,,,,,,,,,,,,,,,comforting,muted,,,,,,,,,,,,,confusing,broken,,,satisfying,smooth,,,,,,
2022-03-02 10:21:28,2022-03-02 12:02:57,IP Address,154.20.138.25,4,6088,False,2022-03-09 12:03:04,R_3flstTCoWGrsSb8,,,,,,,anonymous,EN,arsh,cool,,,,,,,,,,,,,,,,,,,,,,,,,,,,,,,,,,,,,,,,,,,,,,,,,,,,,,,,,,,,,,,,,,,,,,,,,,,,,,,,,,,,,,,,,,,,,,,,,,,,,,,,,,,,,,,,,,,,,,,,,,,,,,,,,,,,,,,,,,,,,,,,,,,,,,,,,,,,,,,,,,,,,,,,,,,,,,,,,,,,,,,,,,,,,,,,,,,,,,,,,,
2022-03-08 15:14:57,2022-03-08 16:04:00,IP Address,207.102.176.92,4,2942,False,2022-03-15 17:04:06,R_3fx8vna0aEjnc3r,,,,,,,anonymous,EN,,,,,,,,,,,,,,,,,,,,,,,,,,,,,,,,,,,,,,,,,,,,,,,,,,,,,,,,,,,,,,,,,,,,,,,,,,,,,,,,,,,,,,,,,,,,,,,,,,,,,,,,,,,,,,,,,,,,,,,,,,,,,,,,,,,,,,,,,,,,,,,,,,,,,,,,,,,,,,,,,,,,,,,,,,,,,,,,,,,,,,,,,,,,,,,,,,,,,,,,,,,,
2022-03-08 17:44:06,2022-03-08 17:57:05,IP Address,76.10.130.57,4,779,False,2022-03-15 18:57:06,R_aaDjVnwzqQQMVCp,,,,,,,anonymous,EN,alert,blaring,,,,,,,,,,,,,,,,,,,,,,,,,,,,,,,,,,,,,,,,,,,,,,,,,,,,,,,,,,,,,,,,,,,,,,,,,,,,,,,,,,,,,,,,,,,,,,,,,,,,,,,,,,,,,,,,,,,,,,,,,,,,,,,,,,,,,,,,,,,,,,,,,,,,,,,,,,,,,,,,,,,,,,,,,,,,,,,,,,,,,,,,,,,,,,,,,,,,,,,,,,
2022-03-08 17:58:13,2022-03-08 18:00:13,IP Address,76.10.130.57,4,119,False,2022-03-15 19:00:16,R_3qs0Pc60DNv2ZeJ,,,,,,,anonymous,EN,,,,,,,,,,,,,,,,,,,,,,,,,,,,,,,,,,,,,,,,,,,,,,,,,,,,,,,,,,,,,,,,,,,,,,,,,,,,,,,,,,,,,,,,,,,,,,,,,,,,,,,,,,,,,,,,,,,,,,,,,,,,,,,,,,,,,,,,,,,,,,,,,,,,,,,,,,,,,,,,,,,,,,,,,,,,,,,,,,,,,,,,,,,,,,,,,,,,,,,,,,,,
2022-03-09 04:59:18,2022-03-09 04:59:33,IP Address,2.235.141.128,1,14,False,2022-03-16 06:02:40,R_1FwvBw3TqHGelxt,,,,,,,anonymous,EN,,,,,,,,,,,,,,,,,,,,,,,,,,,,,,,,,,,,,,,,,,,,,,,,,,,,,,,,,,,,,,,,,,,,,,,,,,,,,,,,,,,,,,,,,,,,,,,,,,,,,,,,,,,,,,,,,,,,,,,,,,,,,,,,,,,,,,,,,,,,,,,,,,,,,,,,,,,,,,,,,,,,,,,,,,,,,,,,,,,,,,,,,,,,,,,,,,,,,,,,,,,,
2022-03-16 09:28:17,2022-03-16 09:57:04,IP Address,24.87.128.158,100,1726,True,2022-03-16 09:57:04,R_yPX3hK2du3o155f,,,,,49.3560943603515625,-123.0370025634765625,anonymous,EN,"Unsettling, annoying, blaring ","Nasal, blaring, wavering, unsteady,",,,,,"dropping, let down, unfulfilled expectations","synthetic, lofi, sweetener, power down ",,,,,,,"ominous, purposeful, impactful ","vocal, tonal, harmonic, approaching ",,,,,,,,,,,,,"impending, unsettling ","sharp, piercing, grating, unsteady ",,,,,,,,,,,,,,,,,,,,,,,,,,,,,,,,,,,,,,,,,,,,,,,,,,,,,,,,,,,,,,,,,,,,,,,"mysterious, ominous, otherworldly","distant, tonal, vocal, approaching, paranormal ",,,,,,,,,,,,,,,,,,,,,,,,,,,,,,,,,,,,,"inquisitive, mysterious","tonal, repetitive, loopable, ",,,,,,,,,,,"impatient ","short, transient, roomy",,,,,"abrasive, on edge","abrasive, feedback, speaker futz, ",,,,,,,,,,,,,,,,,,,,,,,,,,,,,"twinkly, playful ","musical, stinger, announcing, instrument, notification, informative",,,,,,,"playful, mystified, delighted ","twinkling, musical, tonal, playful",,,"impactful, ominous","distorted, muffled, lofi, ",,,,
2022-03-16 13:36:25,2022-03-16 14:13:56,IP Address,50.98.133.10,100,2250,True,2022-03-16 14:13:56,R_vB0GWKzKO6EEBZn,,,,,49.082305908203125,-122.77099609375,anonymous,EN,"uncomfortable, frustrating","obnoxious, abrasive, intrusive",,,,,,,,,,,,,"enticing, exciting","droney, reverberant",,,,,,,,,,,"uncomfortable, annoying","abrasive, cacophonic, shrill, busy ",,,,,,,,,,,,,,,,,,,,,,,,,"uneasy, tense, concerning","creepy, stuttering, screechy",,,,,,,,,,,"concerning, uneasy","airy, coarse",,,,,,,,,,,,,,,,,"comfortable, welcoming","sloshy, wet, deep",,,,,,,,,,,,,,,,,,,,,,,,,,,,,"painful, uncomfortable, distressing","intrusive, aggressive, sharp, whiney",,,,,,,,,,,,,,,,,,,,,,,,,,,,,,,unsettling,"crunchy, coarse",,,,,,,,,,,,,,,,,,,,,,,"exciting, intriguing","bright, busy, cold",,,,,,,,,,,,,,,"anticipatory, battle-ready","reverberant, boomy","alleviating, refreshing","warm, bright, musical",,,,,,,,,,,,,,,,
2022-03-16 16:22:15,2022-03-16 18:06:43,IP Address,67.168.10.114,100,6268,True,2022-03-16 18:06:43,R_274rx6XmIk04OiT,,,,,47.83880615234375,-122.1985015869140625,anonymous,EN,"Alert, stressed, worried","high pitch, doppler",,,,,relieved,"swirl, synthetic, robotic","action, movement, speed","transitional, whooshy",,,,,,,,,,,,,,,,,,,,,,,,,,,,,,,,,,,,,,,,,,,,,,,,,,,,,,,,,,,"scare, fear, defensive","airy, ghostly, reversed",,,peaceful,"airy, whooshy, synthetic, musical",,,anxious,"rubbery, organic, strident",,,,,,,"fast, movement, rush, unknown, danger","swirly, whooshy, spike, fluctuation",,,,,,,,,,,,,,,,,,,,,,,,,,,,,,,,,,,,,,,,,"alarm, scare, angry","robotic, synthetic, cycle, repetitive",,,,,,,,,,,"immersed, alert, cautious, suspense","synthetic, loop, bright",,,,,,,,,,,,,,,,,,,,,,,,,,,,,,,,,,,,,,,,,,,,,,,,,,,,,"overwhelmed, danger","rocky, debris, earthy, granular",,,,,,,"steadiness, pause","magnetic, environmental, synthetic, airy, musical",,
2022-03-15 17:54:42,2022-03-16 11:25:07,IP Address,174.4.220.158,1,63024,False,2022-03-23 11:25:11,R_XGJ0qL9BiFXlXLX,,,,,,,anonymous,EN,,,,,,,,,,,,,,,,,,,,,,,,,,,,,,,,,,,,,,,,,,,,,,,,,,,,,,,,,,,,,,,,,,,,,,,,,,,,,,,,,,,,,,,,,,,,,,,,,,,,,,,,,,,,,,,,,,,,,,,,,,,,,,,,,,,,,,,,,,,,,,,,,,,,,,,,,,,,,,,,,,,,,,,,,,,,,,,,,,,,,,,,,,,,,,,,,,,,,,,,,,,,
2022-03-16 12:22:02,2022-03-16 12:22:10,IP Address,176.252.13.54,1,7,False,2022-03-23 12:22:11,R_3Kqgnssu40Xnk73,,,,,,,anonymous,EN,,,,,,,,,,,,,,,,,,,,,,,,,,,,,,,,,,,,,,,,,,,,,,,,,,,,,,,,,,,,,,,,,,,,,,,,,,,,,,,,,,,,,,,,,,,,,,,,,,,,,,,,,,,,,,,,,,,,,,,,,,,,,,,,,,,,,,,,,,,,,,,,,,,,,,,,,,,,,,,,,,,,,,,,,,,,,,,,,,,,,,,,,,,,,,,,,,,,,,,,,,,,
2022-03-16 19:14:25,2022-03-16 19:15:31,IP Address,149.167.135.20,1,66,False,2022-03-23 19:15:32,R_vxdzUmYQBqodqkp,,,,,,,anonymous,EN,,,,,,,,,,,,,,,,,,,,,,,,,,,,,,,,,,,,,,,,,,,,,,,,,,,,,,,,,,,,,,,,,,,,,,,,,,,,,,,,,,,,,,,,,,,,,,,,,,,,,,,,,,,,,,,,,,,,,,,,,,,,,,,,,,,,,,,,,,,,,,,,,,,,,,,,,,,,,,,,,,,,,,,,,,,,,,,,,,,,,,,,,,,,,,,,,,,,,,,,,,,,
2022-03-17 10:15:22,2022-03-17 10:16:46,IP Address,139.177.188.150,1,84,False,2022-03-24 10:16:49,R_2DYvax5Utf0X99H,,,,,,,anonymous,EN,,,,,,,,,,,,,,,,,,,,,,,,,,,,,,,,,,,,,,,,,,,,,,,,,,,,,,,,,,,,,,,,,,,,,,,,,,,,,,,,,,,,,,,,,,,,,,,,,,,,,,,,,,,,,,,,,,,,,,,,,,,,,,,,,,,,,,,,,,,,,,,,,,,,,,,,,,,,,,,,,,,,,,,,,,,,,,,,,,,,,,,,,,,,,,,,,,,,,,,,,,,,
2022-03-17 15:57:12,2022-03-17 15:58:33,IP Address,82.11.95.80,4,81,False,2022-03-24 15:58:34,R_22XNlyGM4jAZ9MV,,,,,,,anonymous,EN,Angry,Bright,,,,,,,,,,,,,,,,,,,,,,,,,,,,,,,,,,,,,,,,,,,,,,,,,,,,,,,,,,,,,,,,,,,,,,,,,,,,,,,,,,,,,,,,,,,,,,,,,,,,,,,,,,,,,,,,,,,,,,,,,,,,,,,,,,,,,,,,,,,,,,,,,,,,,,,,,,,,,,,,,,,,,,,,,,,,,,,,,,,,,,,,,,,,,,,,,,,,,,,,,,
2022-03-28 10:46:21,2022-03-28 10:46:31,IP Address,67.242.161.66,1,10,False,2022-04-04 10:46:36,R_2sSxv1G1ciWej5b,,,,,,,anonymous,EN,,,,,,,,,,,,,,,,,,,,,,,,,,,,,,,,,,,,,,,,,,,,,,,,,,,,,,,,,,,,,,,,,,,,,,,,,,,,,,,,,,,,,,,,,,,,,,,,,,,,,,,,,,,,,,,,,,,,,,,,,,,,,,,,,,,,,,,,,,,,,,,,,,,,,,,,,,,,,,,,,,,,,,,,,,,,,,,,,,,,,,,,,,,,,,,,,,,,,,,,,,,,
2022-03-29 03:08:42,2022-03-29 03:09:25,IP Address,81.99.94.41,1,42,False,2022-04-05 03:09:33,R_xzUGIRqSMOYQptD,,,,,,,anonymous,EN,,,,,,,,,,,,,,,,,,,,,,,,,,,,,,,,,,,,,,,,,,,,,,,,,,,,,,,,,,,,,,,,,,,,,,,,,,,,,,,,,,,,,,,,,,,,,,,,,,,,,,,,,,,,,,,,,,,,,,,,,,,,,,,,,,,,,,,,,,,,,,,,,,,,,,,,,,,,,,,,,,,,,,,,,,,,,,,,,,,,,,,,,,,,,,,,,,,,,,,,,,,,
2022-04-05 11:50:31,2022-04-05 12:35:27,IP Address,75.83.45.44,100,2695,True,2022-04-05 12:35:27,R_1odkNk4d9f8ki8m,,,,,34.171199999999998908606357872486114501953125,-118.5186000000000063892002799548208713531494140625,anonymous,EN,"Anxious, tense, boring","Bright, harsh, sharp",,,,,,,,,,,,,,,,,,,,,,,,,,,,,,,,,,,,,,,,,"Unpleasant, Cautious","Grating, Textile, Fast",,,,,,,,,,,,,,,,,"Neutral, Calm","Scraping, Abrasive, Slow, Calculated",,,,,,,,,,,,,,,,,,,,,,,,,,,,,,,"Chaotic, jarring, worried","Descending, synthetic, harsh, brassy",,,,,,,,,,,,,,,,,,,,,,,"Funny, Touching, Calm","Gurgly, Vocal, Quiet",,,,,,,,,,,,,"Irritating, Surprising, Light","Collision, Sparking, Bright, Metallic ",,,,,,,,,,,,,,,,," Chaotic, Unsettling, Satisfying","Fragmented, Falling, Small, Enclosed, Muted",,,,,"Peaceful, curious, worried","Soft, layered, breathy, sustained",,,,,,,,,,,,,,,,,,,"Pleasant, Alerting","Abrasive, Grating, Plosive",,,,,"Tense, Scary, Alarming","Deep, Buzzy, Synthetic, Descending","Tranquil, Calming, Annoying","Layered, Breathy, Liquid, Droning ",,,,,,,,,,,,,,,,,,,,
2022-04-05 21:12:21,2022-04-05 21:38:57,IP Address,198.55.231.78,100,1595,True,2022-04-05 21:38:57,R_2CB8kLMj1pxkslJ,,,,,53.10900000000000176214598468504846096038818359375,-121.5713999999999970214048516936600208282470703125,anonymous,EN,"It evokes a feeling of urgency, I alarmed (my volume was loud LOL) ","Alarm, edgy, harsh, melodic",,,Affection,"Cute, toy, bounce or squirt, spray",,,,,,,,,,,,,,,,,,,,,,,,,,,,,,,,,"Smoothed, intimacy, yet slightly awkward ","Dialog, female, whispered, intimate, close miked, clicky",,,,,"Mellow, moody, curious","Drone, alien, fog horn, tonal",,,,,,,,,Tense,"Metal, scrape, bright, airy ronk.",,,,,,,,,"Relaxed ","Air release, mellow, tank emptying, ",,,,,,,,,,,,,Confused,"Ambience, rain, heavy slap, distant train and wood cracking ",,,,,,,,,,,,,,,,,,,,,,,,,Indifferent,"Ambience, sports, crowd, interior, whistle, applause, voices",,,,,,,,,,,,,,,,,,,,,,,,,,,,,,,,,,,,,,,,,,,,,,,,,,,,,Surprised & amused,"Rooster call, strong, boisterous, interior",,,,,,,,,,,,,,,,,,,,,,,,,,,,,,,"Intrigued, curious, excited","Distorted, thick, powerful, electronic, damaged",,,"Slightly annoyed, lol Felt like Id been hit with an advert.","Musical, chimney drone, descending tones, spell branding synthetic ",,,,,,,,
2022-03-30 21:28:39,2022-03-30 21:28:45,IP Address,75.83.45.44,1,6,False,2022-04-06 21:28:54,R_XiYugfPfZUSoVtD,,,,,,,anonymous,EN,,,,,,,,,,,,,,,,,,,,,,,,,,,,,,,,,,,,,,,,,,,,,,,,,,,,,,,,,,,,,,,,,,,,,,,,,,,,,,,,,,,,,,,,,,,,,,,,,,,,,,,,,,,,,,,,,,,,,,,,,,,,,,,,,,,,,,,,,,,,,,,,,,,,,,,,,,,,,,,,,,,,,,,,,,,,,,,,,,,,,,,,,,,,,,,,,,,,,,,,,,,,
2022-04-05 12:42:52,2022-04-05 12:43:01,IP Address,104.192.115.252,1,9,False,2022-04-12 12:48:18,R_WkhkSrrmVKX6QaR,,,,,,,anonymous,EN,,,,,,,,,,,,,,,,,,,,,,,,,,,,,,,,,,,,,,,,,,,,,,,,,,,,,,,,,,,,,,,,,,,,,,,,,,,,,,,,,,,,,,,,,,,,,,,,,,,,,,,,,,,,,,,,,,,,,,,,,,,,,,,,,,,,,,,,,,,,,,,,,,,,,,,,,,,,,,,,,,,,,,,,,,,,,,,,,,,,,,,,,,,,,,,,,,,,,,,,,,,,
2022-04-05 12:49:32,2022-04-05 12:51:46,IP Address,104.192.115.252,4,134,False,2022-04-12 12:51:49,R_BJxdwTozNJP0U13,,,,,,,anonymous,EN,Annoying,"High, European, Bright",,,,,,,,,,,,,,,,,,,,,,,,,,,,,,,,,,,,,,,,,,,,,,,,,,,,,,,,,,,,,,,,,,,,,,,,,,,,,,,,,,,,,,,,,,,,,,,,,,,,,,,,,,,,,,,,,,,,,,,,,,,,,,,,,,,,,,,,,,,,,,,,,,,,,,,,,,,,,,,,,,,,,,,,,,,,,,,,,,,,,,,,,,,,,,,,,,,,,,,,,,
2022-04-05 12:42:20,2022-04-05 12:52:02,IP Address,107.77.227.135,4,582,False,2022-04-12 12:52:03,R_3fNqOFE4VvMgnYw,,,,,,,anonymous,EN,Chaotic / attention grabbing,High tone / Emergency / piercing,,,,,,,,,,,,,,,,,,,,,,,,,,,,,,,,,,,,,,,,,,,,,,,,,,,,,,,,,,,,,,,,,,,,,,,,,,,,,,,,,,,,,,,,,,,,,,,,,,,,,,,,,,,,,,,,,,,,,,,,,,,,,,,,,,,,,,,,,,,,,,,,,,,,,,,,,,,,,,,,,,,,,,,,,,,,,,,,,,,,,,,,,,,,,,,,,,,,,,,,,,
2022-04-05 12:42:19,2022-04-05 12:52:06,Spam,104.192.115.252,1,587,False,2022-04-12 12:52:08,R_2S0uRIeJpBFSaAS,,,,,,,anonymous,EN,,,,,,,,,,,,,,,,,,,,,,,,,,,,,,,,,,,,,,,,,,,,,,,,,,,,,,,,,,,,,,,,,,,,,,,,,,,,,,,,,,,,,,,,,,,,,,,,,,,,,,,,,,,,,,,,,,,,,,,,,,,,,,,,,,,,,,,,,,,,,,,,,,,,,,,,,,,,,,,,,,,,,,,,,,,,,,,,,,,,,,,,,,,,,,,,,,,,,,,,,,,,
2022-04-05 13:01:29,2022-04-05 13:20:53,IP Address,64.125.45.170,4,1164,False,2022-04-12 13:20:55,R_2rJ9uubPfOoIFiU,,,,,,,anonymous,EN,urgent,blaring,,,,,,,,,,,,,,,,,,,,,,,,,,,,,,,,,,,,,,,,,,,,,,,,,,,,,,,,,,,,,,,,,,,,,,,,,,,,,,,,,,,,,,,,,,,,,,,,,,,,,,,,,,,,,,,,,,,,,,,,,,,,,,,,,,,,,,,,,,,,,,,,,,,,,,,,,,,,,,,,,,,,,,,,,,,,,,,,,,,,,,,,,,,,,,,,,,,,,,,,,,
2022-04-05 14:32:31,2022-04-05 14:32:53,IP Address,189.129.224.11,1,22,False,2022-04-12 14:33:04,R_9yGdxbco0I8lHH3,,,,,,,anonymous,EN,,,,,,,,,,,,,,,,,,,,,,,,,,,,,,,,,,,,,,,,,,,,,,,,,,,,,,,,,,,,,,,,,,,,,,,,,,,,,,,,,,,,,,,,,,,,,,,,,,,,,,,,,,,,,,,,,,,,,,,,,,,,,,,,,,,,,,,,,,,,,,,,,,,,,,,,,,,,,,,,,,,,,,,,,,,,,,,,,,,,,,,,,,,,,,,,,,,,,,,,,,,,
2022-04-05 15:16:19,2022-04-05 15:16:45,IP Address,70.79.233.251,1,25,False,2022-04-12 15:16:47,R_2Y3A1ROSbRbKLKV,,,,,,,anonymous,EN,,,,,,,,,,,,,,,,,,,,,,,,,,,,,,,,,,,,,,,,,,,,,,,,,,,,,,,,,,,,,,,,,,,,,,,,,,,,,,,,,,,,,,,,,,,,,,,,,,,,,,,,,,,,,,,,,,,,,,,,,,,,,,,,,,,,,,,,,,,,,,,,,,,,,,,,,,,,,,,,,,,,,,,,,,,,,,,,,,,,,,,,,,,,,,,,,,,,,,,,,,,,
2022-04-05 18:30:12,2022-04-05 18:30:48,IP Address,150.31.80.14,1,36,False,2022-04-12 18:30:50,R_2whSRWpIOSiGBNJ,,,,,,,anonymous,EN,,,,,,,,,,,,,,,,,,,,,,,,,,,,,,,,,,,,,,,,,,,,,,,,,,,,,,,,,,,,,,,,,,,,,,,,,,,,,,,,,,,,,,,,,,,,,,,,,,,,,,,,,,,,,,,,,,,,,,,,,,,,,,,,,,,,,,,,,,,,,,,,,,,,,,,,,,,,,,,,,,,,,,,,,,,,,,,,,,,,,,,,,,,,,,,,,,,,,,,,,,,,
2022-04-05 19:48:29,2022-04-05 19:51:04,IP Address,128.189.127.99,4,154,False,2022-04-12 19:51:05,R_3FVeIpo15e4sOe6,,,,,,,anonymous,EN,"tense, alert, threat, anxious","horn, alarm, siren",,,,,,,,,,,,,,,,,,,,,,,,,,,,,,,,,,,,,,,,,,,,,,,,,,,,,,,,,,,,,,,,,,,,,,,,,,,,,,,,,,,,,,,,,,,,,,,,,,,,,,,,,,,,,,,,,,,,,,,,,,,,,,,,,,,,,,,,,,,,,,,,,,,,,,,,,,,,,,,,,,,,,,,,,,,,,,,,,,,,,,,,,,,,,,,,,,,,,,,,,,
2022-04-05 22:19:11,2022-04-05 22:19:24,IP Address,103.252.200.234,1,12,False,2022-04-12 22:19:30,R_qFz1k6BysU3ryzn,,,,,,,anonymous,EN,,,,,,,,,,,,,,,,,,,,,,,,,,,,,,,,,,,,,,,,,,,,,,,,,,,,,,,,,,,,,,,,,,,,,,,,,,,,,,,,,,,,,,,,,,,,,,,,,,,,,,,,,,,,,,,,,,,,,,,,,,,,,,,,,,,,,,,,,,,,,,,,,,,,,,,,,,,,,,,,,,,,,,,,,,,,,,,,,,,,,,,,,,,,,,,,,,,,,,,,,,,,
2022-04-05 22:05:25,2022-04-05 22:20:26,IP Address,207.6.228.242,4,900,False,2022-04-12 22:20:29,R_3kyRAyfOKZAdjYD,,,,,,,anonymous,EN,Alert and Tense,Harsh,,,,,,,,,,,,,,,,,,,,,,,,,,,,,,,,,,,,,,,,,,,,,,,,,,,,,,,,,,,,,,,,,,,,,,,,,,,,,,,,,,,,,,,,,,,,,,,,,,,,,,,,,,,,,,,,,,,,,,,,,,,,,,,,,,,,,,,,,,,,,,,,,,,,,,,,,,,,,,,,,,,,,,,,,,,,,,,,,,,,,,,,,,,,,,,,,,,,,,,,,,
2022-04-05 23:13:19,2022-04-05 23:13:29,IP Address,108.172.2.80,1,10,False,2022-04-12 23:13:31,R_1Iy3QJITQwIisli,,,,,,,anonymous,EN,,,,,,,,,,,,,,,,,,,,,,,,,,,,,,,,,,,,,,,,,,,,,,,,,,,,,,,,,,,,,,,,,,,,,,,,,,,,,,,,,,,,,,,,,,,,,,,,,,,,,,,,,,,,,,,,,,,,,,,,,,,,,,,,,,,,,,,,,,,,,,,,,,,,,,,,,,,,,,,,,,,,,,,,,,,,,,,,,,,,,,,,,,,,,,,,,,,,,,,,,,,,
2022-04-06 08:51:15,2022-04-06 08:51:33,IP Address,173.180.135.98,1,18,False,2022-04-13 08:51:43,R_1DTlS0WYSUyfKJL,,,,,,,anonymous,EN,,,,,,,,,,,,,,,,,,,,,,,,,,,,,,,,,,,,,,,,,,,,,,,,,,,,,,,,,,,,,,,,,,,,,,,,,,,,,,,,,,,,,,,,,,,,,,,,,,,,,,,,,,,,,,,,,,,,,,,,,,,,,,,,,,,,,,,,,,,,,,,,,,,,,,,,,,,,,,,,,,,,,,,,,,,,,,,,,,,,,,,,,,,,,,,,,,,,,,,,,,,,
2022-04-06 10:55:57,2022-04-06 10:56:08,IP Address,187.202.227.82,1,10,False,2022-04-13 10:57:43,R_2xW3GoPQ2lEFv2U,,,,,,,anonymous,EN,,,,,,,,,,,,,,,,,,,,,,,,,,,,,,,,,,,,,,,,,,,,,,,,,,,,,,,,,,,,,,,,,,,,,,,,,,,,,,,,,,,,,,,,,,,,,,,,,,,,,,,,,,,,,,,,,,,,,,,,,,,,,,,,,,,,,,,,,,,,,,,,,,,,,,,,,,,,,,,,,,,,,,,,,,,,,,,,,,,,,,,,,,,,,,,,,,,,,,,,,,,,
2022-04-06 15:41:54,2022-04-06 15:42:26,IP Address,104.192.115.252,4,31,False,2022-04-13 15:42:28,R_O25MUsL5O6BDagx,,,,,,,anonymous,EN,,,,,,,,,,,,,,,,,,,,,,,,,,,,,,,,,,,,,,,,,,,,,,,,,,,,,,,,,,,,,,,,,,,,,,,,,,,,,,,,,,,,,,,,,,,,,,,,,,,,,,,,,,,,,,,,,,,,,,,,,,,,,,,,,,,,,,,,,,,,,,,,,,,,,,,,,,,,,,,,,,,,,,,,,,,,,,,,,,,,,,,,,,,,,,,,,,,,,,,,,,,,
2022-04-06 15:50:50,2022-04-06 15:57:15,IP Address,160.33.168.113,1,385,False,2022-04-13 15:57:23,R_3kcUkjInDEF1lHg,,,,,,,anonymous,EN,,,,,,,,,,,,,,,,,,,,,,,,,,,,,,,,,,,,,,,,,,,,,,,,,,,,,,,,,,,,,,,,,,,,,,,,,,,,,,,,,,,,,,,,,,,,,,,,,,,,,,,,,,,,,,,,,,,,,,,,,,,,,,,,,,,,,,,,,,,,,,,,,,,,,,,,,,,,,,,,,,,,,,,,,,,,,,,,,,,,,,,,,,,,,,,,,,,,,,,,,,,,
2022-04-06 20:22:33,2022-04-06 20:25:01,IP Address,154.20.34.68,4,147,False,2022-04-13 20:25:03,R_1GPTx2Ex0dzf5ar,,,,,,,anonymous,EN,"tense, annoyed, scared","blaring, rough, noisy",,,,,,,,,,,,,,,,,,,,,,,,,,,,,,,,,,,,,,,,,,,,,,,,,,,,,,,,,,,,,,,,,,,,,,,,,,,,,,,,,,,,,,,,,,,,,,,,,,,,,,,,,,,,,,,,,,,,,,,,,,,,,,,,,,,,,,,,,,,,,,,,,,,,,,,,,,,,,,,,,,,,,,,,,,,,,,,,,,,,,,,,,,,,,,,,,,,,,,,,,,
2022-04-07 08:05:12,2022-04-07 08:05:24,IP Address,50.64.132.92,1,12,False,2022-04-14 08:05:44,R_31RaeD8Zml7GxOY,,,,,,,anonymous,EN,,,,,,,,,,,,,,,,,,,,,,,,,,,,,,,,,,,,,,,,,,,,,,,,,,,,,,,,,,,,,,,,,,,,,,,,,,,,,,,,,,,,,,,,,,,,,,,,,,,,,,,,,,,,,,,,,,,,,,,,,,,,,,,,,,,,,,,,,,,,,,,,,,,,,,,,,,,,,,,,,,,,,,,,,,,,,,,,,,,,,,,,,,,,,,,,,,,,,,,,,,,,
2022-04-06 15:58:55,2022-04-07 20:43:21,IP Address,96.55.38.227,1,103466,False,2022-04-14 20:43:28,R_SNLztI3Yat7TerD,,,,,,,anonymous,EN,,,,,,,,,,,,,,,,,,,,,,,,,,,,,,,,,,,,,,,,,,,,,,,,,,,,,,,,,,,,,,,,,,,,,,,,,,,,,,,,,,,,,,,,,,,,,,,,,,,,,,,,,,,,,,,,,,,,,,,,,,,,,,,,,,,,,,,,,,,,,,,,,,,,,,,,,,,,,,,,,,,,,,,,,,,,,,,,,,,,,,,,,,,,,,,,,,,,,,,,,,,,
2022-04-19 19:41:18,2022-04-19 19:53:49,IP Address,24.86.71.107,100,750,True,2022-04-19 19:53:49,R_2czNoJuzN1Ba1vC,,,,,49.245,-123.1337,anonymous,EN,Alarming/Cautious/Alert,Alarm-not desperate,,,,,,,,,alive,"naturalistic, rumbling",,,,,,,,,"intense, powerful, naturalistic","thunderous, dangerous, weather, crashing",,,,,,,,,,,,,,,"sad, upset, displeased, negative, ","crying, childlike, pouting",,,,,,,,,,,,,"alert/alarming, bright","electronic, digital, scanning, sharp, continuous",,,,,,,,,,,,,,,"suspenseful, dangerous, anticipatory","metallic, scraping, construction",,,,,"Futuristic, mechanical, profound ","frenzied, mechanical, collecting, distant",,,"accidental, unconscious ","zipping/unzipping, rubber manipulation, buzzing",,,,,,,,,,,,,,,,,,,,,,,,,,,,,"bored, unconscious, under stimulating","bubbling, consistent, liquid, ",,,,,,,,,,,,,,,,,,,,,,,,,,,,,,,,,,,,,,,,,,,,,,,,,,,,,,,,,,,,,"neurotic, agitating, stimulating, unnerving","electronic, digital, collecting, insect, sharp, metallic",,,,,,,,,"calming, rhythmic, smooth","rhythmic, subtle, instinctual, beating, stifled ",,,,,,,,,,,,,,,,,,,,,,,,
2022-04-20 07:51:25,2022-04-20 16:17:56,IP Address,208.99.157.47,100,30391,True,2022-04-20 16:17:57,R_1hyd0254fKU4YUp,,,,,49.5005,-117.2864,anonymous,EN,Alert,Piercing,,,,,,,,,,,,,Open peaceful focussed calm,Deep resonant harmonious evolving round,,,,,,,,,,,,,"Happy hot itchy ",Squeaky rhythmic chirpy clicky reedy,,,,,,,,,,,,,"Jaunty ","Crisp thudding rhythmic swinging dry crinkly ",,,,,,,,,,,,,,,,,,,,,,,,,,,,,,,,,,,,,,,,,,,,,,,,,,,Playful,"Young chirpy skittering pitchy ",,,,,,,,,"Determined encouraging focussed ",Shrill echoey human busy hard bouncy,,,,,,,,,,,,,,,,,Cheerful busy industrious sexy,"Relentless mechanical ticking impact wheezy rhythmic ",,,,,,,,,,,,,,,,,Alert,Conversational hollow tripping,,,,,,,,,,,,,"Peaceful regal harmonious dignified courtly "," Renaissancey airy round aspirational ",,,,,,,,,Playful funny curious probing questioning,"Wet watery hollow melodic plunky glottal resonant ",,,,,,,,,,,,,,,,,,,,,Eager to please service minded,Sci fi vintage-synthetic chime reverb,,,,,,,,,,,,,,,,
2022-04-21 16:24:16,2022-04-21 22:11:59,IP Address,174.114.184.186,100,20862,True,2022-04-21 22:11:59,R_1jrgTYFsUbtusrR,,,,,45.4223,-75.7081,anonymous,EN,,,,,,,,,far-out,futuristic,,,,,,,,,,,,,,,,,,,focused,mechanical,,,,,,,emotional,gutteral,,,,,,,,,,,,,,,,,,,,,,,,,,,frustrating,dour,,,,,,,,,,,,,,,,,,,,,,,,,,,,,,,,,disturbing,tinkling,scary,eerie,,,,,gross,bubbly,,,,,,,,,,,,,peaceful,nature-inspired,,,,,,,,,,,relaxing,fuzzy,,,,,,,,,,,,,,,,,,,,,,,,,,,,,,,,,,,,,,,,,,,,,anxious,monotonous,,,,,,,,,,,,,,,,,,,,,,,,
2022-04-19 15:37:40,2022-04-20 08:16:17,IP Address,96.50.241.172,4,59916,False,2022-04-27 08:16:25,R_6wXyHLUPLV6k7qV,,,,,,,anonymous,EN,,,,,,,,,,,,,,,,,,,,,,,,,,,,,,,,,,,,,,,,,,,,,,,,,,,,,,,,,,,,,,,,,,,,,,,,,,,,,,,,,,,,,,,,,,,,,,,,,,,,,,,,,,,,,,,,,,,,,,,,,,,,,,,,,,,,,,,,,,,,,,,,,,,,,,,,,,,,,,,,,,,,,,,,,,,,,,,,,,,,,,,,,,,,,,,,,,,,,,,,,,,,
2022-04-27 11:44:13,2022-04-27 11:55:50,IP Address,24.108.142.180,100,696,True,2022-04-27 11:55:50,R_BzwBL3LyKOhQv9D,,,,,49.2114,-124.0201,anonymous,EN,Alarming,Alert,,,,,,,,,,,,,,,,,,,,,,,,,,,,,,,,,,,,,,,,,,,,,,,,,,,,,,,,,,,,,,,,,,,,,,,,,,,,,,,,,,,,,,,open,windy,settling,serene,abrupt,string-like,,,,,,,,,,,,,,,,,,,,,,,,,,,,,,,,,,,,,,,,,,,,,,,artificial,manufactured,,,,,,,,,,,,,synthesized,suspended,,,,,agitated,thunder-like,,,,,,,,,,,,,,,breezy,arctic,,,spooky,haunting,,,ardent,robust,,,,,,,,,,,,,anxious,noisy,,,,
2022-04-20 17:10:02,2022-04-20 17:12:55,IP Address,24.67.173.11,4,172,False,2022-04-27 19:00:08,R_2zkfUAw7GE5pcfb,,,,,,,anonymous,EN,"Apprehensive, annoying","Atonal, ",,,,,,,,,,,,,,,,,,,,,,,,,,,,,,,,,,,,,,,,,,,,,,,,,,,,,,,,,,,,,,,,,,,,,,,,,,,,,,,,,,,,,,,,,,,,,,,,,,,,,,,,,,,,,,,,,,,,,,,,,,,,,,,,,,,,,,,,,,,,,,,,,,,,,,,,,,,,,,,,,,,,,,,,,,,,,,,,,,,,,,,,,,,,,,,,,,,,,,,,,,
2022-04-20 20:01:20,2022-04-20 20:01:46,IP Address,209.52.88.248,1,25,False,2022-04-27 20:01:51,R_2PAPZ0qH0Pv1h1c,,,,,,,anonymous,EN,,,,,,,,,,,,,,,,,,,,,,,,,,,,,,,,,,,,,,,,,,,,,,,,,,,,,,,,,,,,,,,,,,,,,,,,,,,,,,,,,,,,,,,,,,,,,,,,,,,,,,,,,,,,,,,,,,,,,,,,,,,,,,,,,,,,,,,,,,,,,,,,,,,,,,,,,,,,,,,,,,,,,,,,,,,,,,,,,,,,,,,,,,,,,,,,,,,,,,,,,,,,
2022-04-20 20:13:52,2022-04-20 20:15:58,IP Address,108.161.122.194,4,126,False,2022-04-27 20:16:25,R_3g0NoOHwDG8feET,,,,,,,anonymous,EN,stressful,repetitive,,,,,,,,,,,,,,,,,,,,,,,,,,,,,,,,,,,,,,,,,,,,,,,,,,,,,,,,,,,,,,,,,,,,,,,,,,,,,,,,,,,,,,,,,,,,,,,,,,,,,,,,,,,,,,,,,,,,,,,,,,,,,,,,,,,,,,,,,,,,,,,,,,,,,,,,,,,,,,,,,,,,,,,,,,,,,,,,,,,,,,,,,,,,,,,,,,,,,,,,,,
2022-04-21 00:27:17,2022-04-21 00:29:09,IP Address,23.16.192.117,4,111,False,2022-04-28 00:29:11,R_3NVb6pfBkbpdPLE,,,,,,,anonymous,EN,angry,irritating,,,,,,,,,,,,,,,,,,,,,,,,,,,,,,,,,,,,,,,,,,,,,,,,,,,,,,,,,,,,,,,,,,,,,,,,,,,,,,,,,,,,,,,,,,,,,,,,,,,,,,,,,,,,,,,,,,,,,,,,,,,,,,,,,,,,,,,,,,,,,,,,,,,,,,,,,,,,,,,,,,,,,,,,,,,,,,,,,,,,,,,,,,,,,,,,,,,,,,,,,,
2022-04-21 00:39:13,2022-04-21 00:41:08,IP Address,75.156.79.128,4,114,False,2022-04-28 00:41:09,R_1NEpDUWMznuaIzd,,,,,,,anonymous,EN,"Curious ",Tense,,,,,,,,,,,,,,,,,,,,,,,,,,,,,,,,,,,,,,,,,,,,,,,,,,,,,,,,,,,,,,,,,,,,,,,,,,,,,,,,,,,,,,,,,,,,,,,,,,,,,,,,,,,,,,,,,,,,,,,,,,,,,,,,,,,,,,,,,,,,,,,,,,,,,,,,,,,,,,,,,,,,,,,,,,,,,,,,,,,,,,,,,,,,,,,,,,,,,,,,,,
2022-04-28 04:31:32,2022-04-28 05:36:26,IP Address,147.91.1.45,100,3893,True,2022-04-28 05:36:26,R_1jy3H7eyYmRd1Px,,,,,44.804,20.4651,anonymous,EN,unpleasent,sharp,,,unpleasent,scary,,,,,,,,,,,,,unpleasent,noisy,,,,,,,,,,,,,,,"peaceful ",bright,,,,,tense,massive,,,,,,,,,,,,,,,,,,,,,tense,massive,,,,,,,,,,,,,,,,,,,,,,,,,,,,,,,,,,,,,,,,,,,,,,,,,,,,,,,,,,,,,,,,,,,,,,,,,,,,,,,,,,,,,,,,,,,,,,,funny,bright,,,,,unpleasent,deep,,,,,,,pleasent,raw,,,,,,,,,,,,,,,calm,muddy,,,,,,,,,,,scary,bright,,
2022-04-28 11:09:06,2022-04-28 11:21:23,IP Address,90.255.49.202,100,737,True,2022-04-28 11:21:23,R_1lrAfmiFxLmQZf5,,,,,51.509,-0.1882,anonymous,EN,Urgent,Abrasive,,,,,Pain,Dying petering out,,,,,,,,,,,,,,,,,"Need to catch up, running late",Comfortable,,,,,,,,,,,,,Reassuring at first,"Persistent ",,,,,,,,,,,,,,,,,,,,,,,,,,,Edgy,"Teeth grinding ",,,,,,,,,Impatient,"Aggressive ",,,,,,,,,,,,,,,,,"Pleasant ",Uplifting,,,,,Open,"Expansive inclusive ",Alarmed,Jerk,,,,,,,,,,,,,,,,,,,,,,,"Intriguing ","Enticing, wild",,,,,,,,,,,,,,,,,,,,,,,,,,,,,,,,,,,Sudden,"Ending, concluding",,,,,,,,,,,,,,,,,,,,,,,,,,,,,,,,,,,,,,,,
2022-04-21 18:35:30,2022-04-21 18:45:05,IP Address,45.72.227.207,4,574,False,2022-04-28 18:45:06,R_2OO1gIpdPmyrghS,,,,,,,anonymous,EN,Alarming,Grating,,,,,,,,,,,,,,,,,,,,,,,,,,,,,,,,,,,,,,,,,,,,,,,,,,,,,,,,,,,,,,,,,,,,,,,,,,,,,,,,,,,,,,,,,,,,,,,,,,,,,,,,,,,,,,,,,,,,,,,,,,,,,,,,,,,,,,,,,,,,,,,,,,,,,,,,,,,,,,,,,,,,,,,,,,,,,,,,,,,,,,,,,,,,,,,,,,,,,,,,,,
2022-04-23 23:52:41,2022-04-23 23:53:28,IP Address,162.210.166.30,1,46,False,2022-04-30 23:53:28,R_Byu0uby7Xr0FO0x,,,,,,,anonymous,EN,,,,,,,,,,,,,,,,,,,,,,,,,,,,,,,,,,,,,,,,,,,,,,,,,,,,,,,,,,,,,,,,,,,,,,,,,,,,,,,,,,,,,,,,,,,,,,,,,,,,,,,,,,,,,,,,,,,,,,,,,,,,,,,,,,,,,,,,,,,,,,,,,,,,,,,,,,,,,,,,,,,,,,,,,,,,,,,,,,,,,,,,,,,,,,,,,,,,,,,,,,,,
2022-04-24 11:55:31,2022-04-24 11:56:57,IP Address,162.210.166.30,4,85,False,2022-05-01 11:57:01,R_3kO3XVUVV4f9i23,,,,,,,anonymous,EN,Stressful,Sharp,,,,,,,,,,,,,,,,,,,,,,,,,,,,,,,,,,,,,,,,,,,,,,,,,,,,,,,,,,,,,,,,,,,,,,,,,,,,,,,,,,,,,,,,,,,,,,,,,,,,,,,,,,,,,,,,,,,,,,,,,,,,,,,,,,,,,,,,,,,,,,,,,,,,,,,,,,,,,,,,,,,,,,,,,,,,,,,,,,,,,,,,,,,,,,,,,,,,,,,,,,
2022-05-02 09:26:33,2022-05-02 09:37:08,IP Address,24.108.153.74,100,635,True,2022-05-02 09:37:09,R_2w4VgGxrWB2YZbT,,,,,49.2114,-124.0201,anonymous,EN,"alar,ming",dissonant,,,,,,,exciting,artificial,oppressive,grainy,,,,,,,,,majestic,thundering,,,,,,,,,,,,,,,,,,,,,urgent,rubbing,,,,,comical,compressed,,,,,unsettling,grinding,,,,,,,,,,,,,,,,,,,,,,,,,,,,,,,,,,,,,,,,,,,,,,,,,exciting,spatial,,,,,,,annoying,sharp,,,,,,,,,,,,,,,tense,grinding,,,,,,,,,,,,,,,,,,,,,,,,,,,,,,,,,,,,,,,,,,,,,,,,,,,,,,,,,,,,,,,,,saccharine,filtered,,,,,,,,
2022-04-26 23:16:35,2022-04-26 23:16:42,IP Address,137.25.47.18,1,7,False,2022-05-03 23:16:45,R_33BELR1xD3bkgJB,,,,,,,anonymous,EN,,,,,,,,,,,,,,,,,,,,,,,,,,,,,,,,,,,,,,,,,,,,,,,,,,,,,,,,,,,,,,,,,,,,,,,,,,,,,,,,,,,,,,,,,,,,,,,,,,,,,,,,,,,,,,,,,,,,,,,,,,,,,,,,,,,,,,,,,,,,,,,,,,,,,,,,,,,,,,,,,,,,,,,,,,,,,,,,,,,,,,,,,,,,,,,,,,,,,,,,,,,,
2022-04-27 02:27:41,2022-04-27 02:28:26,IP Address,83.150.29.176,4,44,False,2022-05-04 02:28:30,R_1erAWx7JLc07aPW,,,,,,,anonymous,EN,,,,,,,,,,,,,,,,,,,,,,,,,,,,,,,,,,,,,,,,,,,,,,,,,,,,,,,,,,,,,,,,,,,,,,,,,,,,,,,,,,,,,,,,,,,,,,,,,,,,,,,,,,,,,,,,,,,,,,,,,,,,,,,,,,,,,,,,,,,,,,,,,,,,,,,,,,,,,,,,,,,,,,,,,,,,,,,,,,,,,,,,,,,,,,,,,,,,,,,,,,,,
2022-04-26 23:11:52,2022-04-26 23:12:04,IP Address,174.199.85.177,1,11,False,2022-05-04 03:07:45,R_3HjEXJtUVhEPISJ,,,,,,,anonymous,EN,,,,,,,,,,,,,,,,,,,,,,,,,,,,,,,,,,,,,,,,,,,,,,,,,,,,,,,,,,,,,,,,,,,,,,,,,,,,,,,,,,,,,,,,,,,,,,,,,,,,,,,,,,,,,,,,,,,,,,,,,,,,,,,,,,,,,,,,,,,,,,,,,,,,,,,,,,,,,,,,,,,,,,,,,,,,,,,,,,,,,,,,,,,,,,,,,,,,,,,,,,,,
2022-04-27 04:02:56,2022-04-27 04:03:12,IP Address,152.57.233.72,1,16,False,2022-05-04 04:04:18,R_3nAvcRr3kmdB8rF,,,,,,,anonymous,EN,,,,,,,,,,,,,,,,,,,,,,,,,,,,,,,,,,,,,,,,,,,,,,,,,,,,,,,,,,,,,,,,,,,,,,,,,,,,,,,,,,,,,,,,,,,,,,,,,,,,,,,,,,,,,,,,,,,,,,,,,,,,,,,,,,,,,,,,,,,,,,,,,,,,,,,,,,,,,,,,,,,,,,,,,,,,,,,,,,,,,,,,,,,,,,,,,,,,,,,,,,,,
2022-04-27 01:41:32,2022-04-27 01:42:55,IP Address,71.212.171.245,4,83,False,2022-05-04 04:20:18,R_2qg8TBb1B1uNGeT,,,,,,,anonymous,EN,tension,siren,,,,,,,,,,,,,,,,,,,,,,,,,,,,,,,,,,,,,,,,,,,,,,,,,,,,,,,,,,,,,,,,,,,,,,,,,,,,,,,,,,,,,,,,,,,,,,,,,,,,,,,,,,,,,,,,,,,,,,,,,,,,,,,,,,,,,,,,,,,,,,,,,,,,,,,,,,,,,,,,,,,,,,,,,,,,,,,,,,,,,,,,,,,,,,,,,,,,,,,,,,
2022-04-27 07:17:01,2022-04-27 07:19:09,IP Address,77.97.78.61,1,127,False,2022-05-04 07:19:10,R_3oL2daHF327m874,,,,,,,anonymous,EN,,,,,,,,,,,,,,,,,,,,,,,,,,,,,,,,,,,,,,,,,,,,,,,,,,,,,,,,,,,,,,,,,,,,,,,,,,,,,,,,,,,,,,,,,,,,,,,,,,,,,,,,,,,,,,,,,,,,,,,,,,,,,,,,,,,,,,,,,,,,,,,,,,,,,,,,,,,,,,,,,,,,,,,,,,,,,,,,,,,,,,,,,,,,,,,,,,,,,,,,,,,,
2022-04-27 09:37:46,2022-04-27 09:41:40,IP Address,62.199.248.218,1,233,False,2022-05-04 09:41:40,R_24C5Cl5iaargK0j,,,,,,,anonymous,EN,,,,,,,,,,,,,,,,,,,,,,,,,,,,,,,,,,,,,,,,,,,,,,,,,,,,,,,,,,,,,,,,,,,,,,,,,,,,,,,,,,,,,,,,,,,,,,,,,,,,,,,,,,,,,,,,,,,,,,,,,,,,,,,,,,,,,,,,,,,,,,,,,,,,,,,,,,,,,,,,,,,,,,,,,,,,,,,,,,,,,,,,,,,,,,,,,,,,,,,,,,,,
2022-04-27 11:38:13,2022-04-27 11:38:34,IP Address,24.108.142.180,1,21,False,2022-05-04 11:38:41,R_1pG2np2GtvuvkgL,,,,,,,anonymous,EN,,,,,,,,,,,,,,,,,,,,,,,,,,,,,,,,,,,,,,,,,,,,,,,,,,,,,,,,,,,,,,,,,,,,,,,,,,,,,,,,,,,,,,,,,,,,,,,,,,,,,,,,,,,,,,,,,,,,,,,,,,,,,,,,,,,,,,,,,,,,,,,,,,,,,,,,,,,,,,,,,,,,,,,,,,,,,,,,,,,,,,,,,,,,,,,,,,,,,,,,,,,,
2022-04-27 13:03:17,2022-04-27 13:03:49,IP Address,92.40.185.174,1,31,False,2022-05-04 13:03:50,R_22VMZjCoL8Rz3Nn,,,,,,,anonymous,EN,,,,,,,,,,,,,,,,,,,,,,,,,,,,,,,,,,,,,,,,,,,,,,,,,,,,,,,,,,,,,,,,,,,,,,,,,,,,,,,,,,,,,,,,,,,,,,,,,,,,,,,,,,,,,,,,,,,,,,,,,,,,,,,,,,,,,,,,,,,,,,,,,,,,,,,,,,,,,,,,,,,,,,,,,,,,,,,,,,,,,,,,,,,,,,,,,,,,,,,,,,,,
2022-04-27 16:02:59,2022-04-27 16:03:04,IP Address,75.84.196.112,1,5,False,2022-05-04 22:17:00,R_31nOVVDiNiMKg4N,,,,,,,anonymous,EN,,,,,,,,,,,,,,,,,,,,,,,,,,,,,,,,,,,,,,,,,,,,,,,,,,,,,,,,,,,,,,,,,,,,,,,,,,,,,,,,,,,,,,,,,,,,,,,,,,,,,,,,,,,,,,,,,,,,,,,,,,,,,,,,,,,,,,,,,,,,,,,,,,,,,,,,,,,,,,,,,,,,,,,,,,,,,,,,,,,,,,,,,,,,,,,,,,,,,,,,,,,,
2022-04-28 03:58:59,2022-04-28 03:59:31,IP Address,195.89.189.198,1,32,False,2022-05-05 04:02:45,R_3kbvRtOP8wpCp0g,,,,,,,anonymous,EN,,,,,,,,,,,,,,,,,,,,,,,,,,,,,,,,,,,,,,,,,,,,,,,,,,,,,,,,,,,,,,,,,,,,,,,,,,,,,,,,,,,,,,,,,,,,,,,,,,,,,,,,,,,,,,,,,,,,,,,,,,,,,,,,,,,,,,,,,,,,,,,,,,,,,,,,,,,,,,,,,,,,,,,,,,,,,,,,,,,,,,,,,,,,,,,,,,,,,,,,,,,,
2022-04-28 13:50:43,2022-04-28 13:53:05,IP Address,47.6.125.53,1,141,False,2022-05-05 13:54:22,R_1FyNIUZPDlElL7Q,,,,,,,anonymous,EN,,,,,,,,,,,,,,,,,,,,,,,,,,,,,,,,,,,,,,,,,,,,,,,,,,,,,,,,,,,,,,,,,,,,,,,,,,,,,,,,,,,,,,,,,,,,,,,,,,,,,,,,,,,,,,,,,,,,,,,,,,,,,,,,,,,,,,,,,,,,,,,,,,,,,,,,,,,,,,,,,,,,,,,,,,,,,,,,,,,,,,,,,,,,,,,,,,,,,,,,,,,,
2022-04-28 19:19:14,2022-04-28 19:19:25,IP Address,100.1.158.211,1,11,False,2022-05-05 19:19:28,R_1Gvm0tCAR1j1SwO,,,,,,,anonymous,EN,,,,,,,,,,,,,,,,,,,,,,,,,,,,,,,,,,,,,,,,,,,,,,,,,,,,,,,,,,,,,,,,,,,,,,,,,,,,,,,,,,,,,,,,,,,,,,,,,,,,,,,,,,,,,,,,,,,,,,,,,,,,,,,,,,,,,,,,,,,,,,,,,,,,,,,,,,,,,,,,,,,,,,,,,,,,,,,,,,,,,,,,,,,,,,,,,,,,,,,,,,,,
2022-04-29 06:43:17,2022-04-29 06:44:40,IP Address,151.56.37.152,1,83,False,2022-05-06 06:44:44,R_3qleUKJ037pXzFp,,,,,,,anonymous,EN,,,,,,,,,,,,,,,,,,,,,,,,,,,,,,,,,,,,,,,,,,,,,,,,,,,,,,,,,,,,,,,,,,,,,,,,,,,,,,,,,,,,,,,,,,,,,,,,,,,,,,,,,,,,,,,,,,,,,,,,,,,,,,,,,,,,,,,,,,,,,,,,,,,,,,,,,,,,,,,,,,,,,,,,,,,,,,,,,,,,,,,,,,,,,,,,,,,,,,,,,,,,
2022-04-29 08:14:22,2022-04-29 08:37:07,IP Address,75.83.70.82,1,1364,False,2022-05-06 08:37:10,R_un4lM0vu8dkXe6d,,,,,,,anonymous,EN,,,,,,,,,,,,,,,,,,,,,,,,,,,,,,,,,,,,,,,,,,,,,,,,,,,,,,,,,,,,,,,,,,,,,,,,,,,,,,,,,,,,,,,,,,,,,,,,,,,,,,,,,,,,,,,,,,,,,,,,,,,,,,,,,,,,,,,,,,,,,,,,,,,,,,,,,,,,,,,,,,,,,,,,,,,,,,,,,,,,,,,,,,,,,,,,,,,,,,,,,,,,
2022-04-29 13:37:26,2022-04-29 13:37:36,IP Address,82.132.234.1,1,10,False,2022-05-06 13:37:36,R_4VHXGGOFatzxPG1,,,,,,,anonymous,EN,,,,,,,,,,,,,,,,,,,,,,,,,,,,,,,,,,,,,,,,,,,,,,,,,,,,,,,,,,,,,,,,,,,,,,,,,,,,,,,,,,,,,,,,,,,,,,,,,,,,,,,,,,,,,,,,,,,,,,,,,,,,,,,,,,,,,,,,,,,,,,,,,,,,,,,,,,,,,,,,,,,,,,,,,,,,,,,,,,,,,,,,,,,,,,,,,,,,,,,,,,,,
2022-04-29 15:19:01,2022-04-29 15:19:31,IP Address,31.205.96.103,4,29,False,2022-05-06 15:19:33,R_1Ej5pki1ifwW3p3,,,,,,,anonymous,EN,,,,,,,,,,,,,,,,,,,,,,,,,,,,,,,,,,,,,,,,,,,,,,,,,,,,,,,,,,,,,,,,,,,,,,,,,,,,,,,,,,,,,,,,,,,,,,,,,,,,,,,,,,,,,,,,,,,,,,,,,,,,,,,,,,,,,,,,,,,,,,,,,,,,,,,,,,,,,,,,,,,,,,,,,,,,,,,,,,,,,,,,,,,,,,,,,,,,,,,,,,,,
2022-05-02 09:28:17,2022-05-02 09:29:13,IP Address,24.108.153.74,1,56,False,2022-05-09 09:29:17,R_21po0ZK3O7YjvgZ,,,,,,,anonymous,EN,,,,,,,,,,,,,,,,,,,,,,,,,,,,,,,,,,,,,,,,,,,,,,,,,,,,,,,,,,,,,,,,,,,,,,,,,,,,,,,,,,,,,,,,,,,,,,,,,,,,,,,,,,,,,,,,,,,,,,,,,,,,,,,,,,,,,,,,,,,,,,,,,,,,,,,,,,,,,,,,,,,,,,,,,,,,,,,,,,,,,,,,,,,,,,,,,,,,,,,,,,,,
2022-05-10 15:29:02,2022-05-10 15:41:22,IP Address,96.50.244.233,100,739,True,2022-05-10 15:41:22,R_AMPWsNwnlimDB9n,,,,,49.4817,-119.5818,anonymous,EN,excited anticipation,on edge,,,,,,,,,,,,,,,,,,,,,,,,,,,,,,,expectant,surprise -expectant,,,,,,,,,,,anguish,warning,,,,,,,,,,,,,annoyed,aggressive,,,,,,,,,,,,,,,,,,,,,,,,,,,,,,,,,,,,,,,,,,,,,,,,,,,,,,,,,,,,,,,agitated,monotonous,,,,,agitated,scrapy,,,,,,,excited,powerful,,,edgy,beat pattern,,,,,,,,,anticipation,rythm,,,,,,,,,,,,,,,,,,,,,,,,,,,,,,,,,,,,,,,,,alerted,dangerous,,,,,,,,,agitated,cutting -edgy
2022-05-10 17:00:15,2022-05-10 17:22:07,IP Address,38.88.66.14,100,1311,True,2022-05-10 17:22:08,R_33qnSn97zxTkZuI,,,,,49.282,-123.1103,anonymous,EN,"antagonistic, strident","nasal, midrange",,,,,"powering down a machine, mechanical",electronic motor,"exciting, ",zippy movement,,,,,,,,,,,,,,,,,,,,,,,,,,,,,,,,,,,,,,,,,,,,,,,,,,,,,,,,,terrifying,"resonant, metallic",,,,,,,"timid, exploratory","metallic, spring reverb, toy thunder machine, tinny",,,,,,,,,"release, freeing, spinning","some phasing, airy, fast, motorized",,,,,,,,,,,,,,,,,,,,,,,,,,,,,,,,,,,,,,,,,,,,,energizing,"tiny, electric",,,,,,,,,,,,,,,,,"claustrophobic, very close",crisp and thin - perhaps a contact mic,,,,,,,,,,,,,,,,,dynamic,nicely balanced,,,,,,,,,,,,,scary,"empty, resonant chamber",,,assertive,"mallets on a drum, reverberant ",,,,,,,,,,,,,,,,,,
2022-05-10 17:10:45,2022-05-10 17:23:03,IP Address,80.6.168.220,100,737,True,2022-05-10 17:23:03,R_eqvCBc9yvtcTTqN,,,,,54.5504,-1.2532,anonymous,EN,urgent,whiny,,,,,,,,,,,,,,,,,,,,,,,,,,,,,,,,,,,,,,,,,,,,,,,amusing,squeaky,,,,,annoying,screechy,,,,,,,,,,,,,,,,,,,,,,,,,,,,,,,,,desolate,stormy,,,,,,,,,,,,,,,,,reliable,bubbly,,,,,,,,,,,,,,,,,,,unnerving,scraping,,,,,deliberate,rustle,,,,,,,,,,,,,,,,,,,,,,,,,,,,,,,surprising,heavy splash,,,,,comedic,kerplunk,,,spontaneous,flick,,,,,,,,,,,,,,,,,,,,,nerdy,retro,,,,,,
2022-05-11 07:01:50,2022-05-11 07:08:35,IP Address,85.220.30.21,100,404,True,2022-05-11 07:08:35,R_2tKlX2AixWx9pb2,,,,,64.1429,-21.9447,anonymous,EN,alarming,"Sirene ",,,blank,"?? squeeeck pig ",,,,,,,,,,,,,,,,,animal,cat meow,,,,,,,,,,,,,,,whisper,human speak quietly,,,,,,,,,,,noisy,digital phone rings tetra,,,,,,,,,,,,,,,,,,,,,,,,,,,,,,,,,,,hungry,"sizzling frying ",,,,,,,,,,,,,,,shock,whooa human,,,,,,,,,,,busy popping swish,factory popping swish,,,,,"relaxing ","forrest birds ",,,alarming,police sirene ambulance,,,,,,,,,,,,,,,,,,,,,,,,,,,,,,,,,,,,,,,,,,,,,,,,,,,,,,,,,,,,,,,,,,,,,,,,,scary,sweep with a hit,,,,
2022-05-11 13:58:46,2022-05-11 14:05:49,IP Address,24.84.214.20,100,423,True,2022-05-11 14:05:50,R_3016gcjy6HGYOJW,,,,,49.2359,-123.153,anonymous,EN,"Fearful, alarming  ","Scary, angry, chaotic  ",,,,,,,,,,,,,,,,,,,,,,,,,,,,,,,,,,,,,,,,,,,,,,,,,,,"Fearful ","Scary ",,,,,,,,,ERROR,"Error ",,,,,,,,,,,,,,,,,,,,,,,,,,,,,,,,,,,,,,,,,"Swift ","Exciting ",,,"Error ","Error ",,,"The one errored out ","Error ",,,,,,,,,,,,,,,,,,,,,,,,,,,,,,,,,,,,,,,,,,,This one errored out,"ERROR ","Irritating ","Annoying ",,,,,,,,,,,,,"Energetic ","Energetic ",,,,,ERROR,"Error ",,,,,,,"Joyful ","Happy ",,,,,,,,,,,,,,,,
2022-04-23 09:46:47,2022-05-05 20:06:06,IP Address,154.20.216.105,4,1073958,False,2022-05-12 20:06:06,R_2zooaxuLX7OxeKS,,,,,,,anonymous,EN,annoyed,intrusive,,,,,,,,,,,,,,,,,,,,,,,,,,,,,,,,,,,,,,,,,,,,,,,,,,,,,,,,,,,,,,,,,,,,,,,,,,,,,,,,,,,,,,,,,,,,,,,,,,,,,,,,,,,,,,,,,,,,,,,,,,,,,,,,,,,,,,,,,,,,,,,,,,,,,,,,,,,,,,,,,,,,,,,,,,,,,,,,,,,,,,,,,,,,,,,,,,,,,,,,,,
2022-05-12 20:57:20,2022-05-12 21:08:06,IP Address,142.179.10.47,100,646,True,2022-05-12 21:08:07,R_RjYg4lmTNaS1Lkl,,,,,49.15,-123.9167,anonymous,EN,Urgent,"Loud , wailing, urgency",,,,,,,,,,,,,"Approach, growing larger, strength but dark",Organic and synthetic,,,,,"Explosive, abrasive, ","Exciting, run for cover, ",,,,,,,,,,,,,,,,,,,,,"Travel,.motion, trudging, walking, ","Scuffling, stepping with loosebaggage",,,,,,,,,,,,,,,,,,,,,"Warm,  moist , natural","Soft, smooth, silky , breath",,,,,,,,,,,,,,,,,"Calming , gentle, watery","Liquid, moist, shallow, safe",,,,,,,,,,,,,,,,,,,,,,,,,,,,,,,,,,,,,,,,,,,,,,,,,,,"Loose, carefree, upset?","Broken, hard surface",,,,,,,,,,,,,,,,,,,,,,,,,"Falling, running from, loud","Crashy, timpanic,",,,,,,,,,,,,,,,,,,,,,"ASMR, warmth, comfort, have to pee","Calming, soft, chillvibe, good feeling",,,,,"Depth, radar, tone, warning","Dark, urgent",,,,,,,,,,,"Uncomfortable, annoying, ","Synthetic, not comforting",,
2022-05-12 22:20:13,2022-05-13 12:53:30,IP Address,24.70.197.39,100,52396,True,2022-05-13 12:53:30,R_1hNhu9VResC7Rg0,,,,,49.812,-119.5076,anonymous,EN,"Overwhelming ","Loud ",,,,,,,,,"Peaceful ",Pure,,,,,,,,,,,,,,,,,,,Alarming,"Sharp ","Humorous ","Bouncy ",,,,,,,,,,,,,,,,,,,,,,,,,,,,,,,,,,,,,Calm,"Natural ",,,,,Uncomfortable,Scratchy,,,,,,,,,,,,,Pleasant,Pattering,,,"Strange ","Synthetic ",,,Alarming,"Harsh ",,,,,,,,,,,,,,,,,Happy,Cute,,,,,,,,,,,,,,,,,,,,,,,,,,,,,,,,,,,,,,,,,,,,,,,,,,,,,,,,,,,Neutral,"Empty ",,,,,,,,,,,,,,,,,,,,,,,,,,
2022-05-12 23:33:45,2022-05-13 21:38:26,IP Address,50.117.129.144,100,79481,True,2022-05-13 21:38:26,R_3rHhwRAmZbsme3n,,,,,60.718,-135.0475,anonymous,EN,"humourous emergency, cartoonish warning, foreign alarm","(Perhaps you ought to have defined 'character' but) bleaty, two-tone, pulsating (it modulates), muted",,,,,,,,,,,,,,,,,"natural implaability (rushing river or flood channel), urgent, potentially disastrous, intense, torrential ","decibelly, mid-range vexatious",,,,,,,"mysterious, deep-woods, Amazonian, non-threatening yet full of unknown components","full-spectrum, sensory, 'natural' (not sure that's a character but as opposed to the stomping jobber above), brittle, lively",,,,,,,,,"fake crying of a child actor, so result is more humorous than plaintive",human?  Is that a character,,,,,,,,,"futuristic, low-to-high so uplifting, antiseptic or artificial","pitch-increasing, speed-increasing, stoccato, phased or in stages, flute-like ",,,,,,,,,,,,,I get nothing I'd call a feeling.  Utility knife opening a box?  So maybe I could call the feeling anticipatory.  What's in it.  Fully anthro--no natural sound here.,"MGM lion only less so, flames like a struck match so crescending, whoosh",,,,,,,,,,,,,,,,,"homey, nostalgic, old-school, rain-and-choochoo, romantic I daresay, mystery of who, what's coming = anticipation","anthro with natural (or mechanistic at same time as naturalistic), filmic, comfortable familiarity","'nature,' peace, comfort, relaxing","kerplop (beaver-tail warning): rounded, punctual, but 'nature' and therefore comforting, relaxing--oops that's a feeling",,,,,,,,,,,,,,,,,,,,,,,,,,,,,,,,,,,,,,,,,,,,,,,,,,,,,,,,,,,,,"urgent, clunky/clumsy, rushed, very proximate","blunt, percussive",,,,,,,,,,,,,,,,,,,,,,,,,"enervating, irksome, jangling","trebley, frenetic, sharp, submarine (i.e., under-watery)",,,,,,,,,,,,,,,,,,,,,"esoteric, unpleasant, unidentifiable, very white Stevie Wonder, disturbing, rhythmic rip, macro insect sound, car revving through several walls","Blunt, anthro-derived, artificial, baritone",,,,,,,,,,,,
2022-05-10 21:54:17,2022-05-10 22:14:29,IP Address,185.153.179.180,4,1211,False,2022-05-17 22:14:36,R_vPvOoqX32k8WeWd,,,,,,,anonymous,EN,"Annoying, urgent, ","Lo-fi, urban, European, ",,,,,,,,,,,,,,,,,,,,,,,,,,,,,,,,,,,,,,,,,,,,,,,,,,,,,,,,,,,,,,,,,,,,,,,,,,,,,,,,,,,,,,,,,,,,,,,,,,,,,,,,,,,,,,,,,,,,,,,,,,,,,,,,,,,,,,,,,,,,,,,,,,,,,,,,,,,,,,,,,,,,,,,,,,,,,,,,,,,,,,,,,,,,,,,,,,,,,,,,,,
2022-05-10 17:22:48,2022-05-11 13:30:08,IP Address,38.88.66.14,1,72440,False,2022-05-18 13:30:15,R_2PByaCscrysvwMd,,,,,,,anonymous,EN,,,,,,,,,,,,,,,,,,,,,,,,,,,,,,,,,,,,,,,,,,,,,,,,,,,,,,,,,,,,,,,,,,,,,,,,,,,,,,,,,,,,,,,,,,,,,,,,,,,,,,,,,,,,,,,,,,,,,,,,,,,,,,,,,,,,,,,,,,,,,,,,,,,,,,,,,,,,,,,,,,,,,,,,,,,,,,,,,,,,,,,,,,,,,,,,,,,,,,,,,,,,
2022-05-10 20:45:07,2022-05-11 14:16:39,IP Address,24.108.173.33,4,63092,False,2022-05-18 14:26:31,R_XzDOaHQvEWhlumd,,,,,,,anonymous,EN,"Melancholy ","Round, ambulatory",,,,,,,,,,,,,,,,,,,,,,,,,,,,,,,,,,,,,,,,,,,,,,,,,,,,,,,,,,,,,,,,,,,,,,,,,,,,,,,,,,,,,,,,,,,,,,,,,,,,,,,,,,,,,,,,,,,,,,,,,,,,,,,,,,,,,,,,,,,,,,,,,,,,,,,,,,,,,,,,,,,,,,,,,,,,,,,,,,,,,,,,,,,,,,,,,,,,,,,,,,
2022-05-11 17:46:15,2022-05-11 17:46:31,IP Address,24.108.142.180,1,15,False,2022-05-18 17:46:33,R_2Cm6KMFqwSeJ0jQ,,,,,,,anonymous,EN,,,,,,,,,,,,,,,,,,,,,,,,,,,,,,,,,,,,,,,,,,,,,,,,,,,,,,,,,,,,,,,,,,,,,,,,,,,,,,,,,,,,,,,,,,,,,,,,,,,,,,,,,,,,,,,,,,,,,,,,,,,,,,,,,,,,,,,,,,,,,,,,,,,,,,,,,,,,,,,,,,,,,,,,,,,,,,,,,,,,,,,,,,,,,,,,,,,,,,,,,,,,
2022-05-18 18:45:10,2022-05-18 18:49:31,IP Address,154.5.138.2,100,260,True,2022-05-18 18:49:31,R_2YQ8AcDbAf9T7Fs,,,,,49.2624,-123.1604,anonymous,EN,"Panicked ","Tooney ",,,,,,,,,,,,,,,,,,,,,,,,,,,,,,,,,"Happy ","Joyous ",,,,,,,,,,,,,,,,,,,,,,,,,,,,,,,,,,,,,,,,,,,,,,,,,,,,,,,,,,,,,,,Painful,"Light ",,,"Cringe ","Alarming ",,,"Gross ",Natural,,,,,,,"Hectic ","Orderly ","Soft ",Harmless,,,,,,,,,,,,,"Annoying ","Playful ",,,Mulled,Kind,,,,,,,,,,,,,,,,,,,,,,,,,,,,,,,,,Tight,"Mechanical ",,,,,,,,,,,,,,,,,,,,,,,,,,,,,,,Mystic,Sharp,,
2022-05-12 13:37:34,2022-05-12 13:37:51,IP Address,70.70.142.67,1,16,False,2022-05-19 13:56:39,R_3F3zic84oJ4TInq,,,,,,,anonymous,EN,,,,,,,,,,,,,,,,,,,,,,,,,,,,,,,,,,,,,,,,,,,,,,,,,,,,,,,,,,,,,,,,,,,,,,,,,,,,,,,,,,,,,,,,,,,,,,,,,,,,,,,,,,,,,,,,,,,,,,,,,,,,,,,,,,,,,,,,,,,,,,,,,,,,,,,,,,,,,,,,,,,,,,,,,,,,,,,,,,,,,,,,,,,,,,,,,,,,,,,,,,,,
2022-05-20 20:18:39,2022-05-20 20:41:16,IP Address,70.70.142.67,100,1356,True,2022-05-20 20:41:16,R_3ErHPgB0cdgqhVK,,,,,50.1212,-122.9501,anonymous,EN,anxious,harsh,,,,,,,,,,,,,,,,,,,,,,,annoying,"chippy  ",,,,,,,,,,,,,,,,,,,,,,,,,irritating,bright,,,,,gentle," melodic",,,,,,,,,,,disturbing,breathy,boring,monotonous,,,,,,,,,,,,,,,,,,," melancholy"," percussive",,,,,,,,,awe,round,,,,,,,,,,,,,,,,,,,,,,,,,,,,,,,,,,,,,,,,,brutal,crunchy,,,,,,,,,awful,awful,,,,,,,,,,,,,,,,,,,,,,,,,,,,,,,,,,,,,,,,,wonderment," digital",,,,,,,,
2022-05-15 19:44:35,2022-05-15 19:44:50,IP Address,68.52.170.151,1,15,False,2022-05-22 19:44:51,R_2tMxNLdyoOiu9IR,,,,,,,anonymous,EN,,,,,,,,,,,,,,,,,,,,,,,,,,,,,,,,,,,,,,,,,,,,,,,,,,,,,,,,,,,,,,,,,,,,,,,,,,,,,,,,,,,,,,,,,,,,,,,,,,,,,,,,,,,,,,,,,,,,,,,,,,,,,,,,,,,,,,,,,,,,,,,,,,,,,,,,,,,,,,,,,,,,,,,,,,,,,,,,,,,,,,,,,,,,,,,,,,,,,,,,,,,,
2022-05-24 14:27:07,2022-05-24 14:31:41,IP Address,209.52.88.198,100,274,True,2022-05-24 14:31:41,R_1NwPltjUjmwNvhh,,,,,49.282,-123.1103,anonymous,EN,Stressful,Harsh,,,,,,,Furious,Futuristic,,,,,Peaceful,Deep,,,,,,,,,,,,,,,Urgent,Manly,,,,,,,,,,,,,,,,,Angry,Sharp,,,,,,,,,,,,,,,Relaxed,Fuzzy,,,,,,,,,,,,,,,,,,,,,,,,,,,,,Happy,Lovely,,,,,,,,,Angry,Ugly,,,Inspired,Orchestral,Hopeful,Bright,,,,,,,,,,,,,,,,,,,,,,,,,,,,,,,,,,,,,,,,,,,,,,,,,,,,,,,,,,,,,,,,,,,,,,,,,Proud,Quick,,,,,,,,,,,,,,,,,,
2022-05-24 15:04:03,2022-05-24 15:14:41,IP Address,96.1.100.77,100,637,True,2022-05-24 15:14:41,R_1jBo4i4XBzq5AZd,,,,,51.3857,-113.5291,anonymous,EN,"Agitating ",Grating,,,,,,,,,Calm,"Soothing ",,,,,,,,,,,,,,,,,,,,,,,,,Sad,"Jarring ",,,,,,,,,"Exciting ","Synthetic ",,,,,,,,,,,,,,,,,,,,,,,,,Curious,"Tonal ",,,,,,,,,,,,,,,,,,,,,,,,,,,,,,,,,,,,,,,,,,,,,,,"Peaceful ","Natural ",,,,,Spooky,Creepy,"Tense ","Bracing ",,,,,,,,,,,,,,,,,,,,,,,,,"Intrigued ","Ominous ",,,,,,,,,,,,,,,,,,,,,,,Chill,"Rhythmic ",,,,,,,,,,,,,,,,,,,"On edge ","Dynamic ",,,,
2022-05-24 15:20:34,2022-05-24 15:37:11,IP Address,75.156.97.237,100,996,True,2022-05-24 15:37:11,R_1FD3rTOUoRuff69,,,,,48.3717,-123.7248,anonymous,EN,impatient,"blaring ",,,,,,,,,,,,,,,,,,,,,,,,,chromatic,incongruent,,,,,,,,,,,,,,,,,,,,,,,,,tension,"stretching ",,,,,,,,,,,,,,,,,,,,,,,,,,,,,,,,,,,,,,,,,,,,,,,,,,,,,,,,,,,,,,,,,ripping,hateful,,,,,,,,,,,,,,,,,exciting,forceful,empty,"interstellar ","quick ",skillful,,,,,,,,,,,,,,,,,,,,,,,,,,,,,,,,,,,,,,,brash,sublime,,,,,joyful,"surprised ",,,,,unwelcome,destructive,,,horrific,infustrial,,,,,,
2022-05-24 20:00:07,2022-05-24 20:16:23,IP Address,24.68.8.5,100,976,True,2022-05-24 20:16:24,R_2e89euMfcbAvE3e,,,,,48.4574,-123.3436,anonymous,EN,"Nervous, shock, shrill, escape",Buzzing,,,,,,,,,,,,,,,,,,,,,"Flutter, undulate, warm",Purr,,,,,,,,,"Oops, silly, movement","Boing ",,,,,,,"Empty, sorrow, finality","Gut ","Sharp, grainy, sand","Scratch ",,,,,,,,,,,,,,,,,"Texture, warm, fuzz",Opening,,,,,,,,,,,,,,,,,,,,,,,,,,,,,,,,,,,,,,,,,,,,,,,,,,,"Painful, high, acute",Machine,,,,,,,,,,,,,,,,,,,,,,,,,,,,,,,,,,,"Papery, textural, crackle, playful",Crinkle,"conversational, positive, upbeat",Snap,,,,,,,,,,,,,,,,,,,"Hollow, elastic, jelly",Jar,,,,,,,,,,,,,,,,,"Dizzy, gravity, panic",Wooshing,,,,,,,,,,,,,,
