word	Question
pitchy	2
cute	2
toy	2
bounce	2
squirt	2
spray	2
scary	2
piggy	2
synthetic	3
sweetener	3
swirl	3
robotic	3
dying	3
transitional	4
futuristic	4
artificial	4
zippy	4
movement	4
naturalistic	5
rumbling	5
grainy	5
pure	5
soothing	5
vocal	7
tonal	7
harmonic	7
approaching	7
droney	7
reverberant	7
deep	7
resonant	7
harmonious	7
evolving	7
round	7
organic	7
noisy	8
vexatious	8
thunderous	9
dangerous	9
weather	9
crashing	9
thundering	9
exciting	9
comfortable	11
purr	11
abrasive	12
cacophonic	12
shrill	12
busy	12
sensory	12
natural	12
brittle	12
lively	12
chippy	12
sharp	13
piercing	13
grating	13
unsteady	13
squeaky	13
rhythmic	13
chirpy	13
clicky	13
reedy	13
mechanical	13
incongruent	13
rough	14
surprise	15
expectant	15
bouncy	15
manly	15
bright	16
boing	16
crying	17
childlike	17
pouting	17
gutteral	17
human	17
joyous	17
dialog	18
female	18
whispered	18
intimate	18
close	18
persistent	18
whispery	18
jarring	18
massive	19
textile	20
fast	20
crisp	20
thudding	20
swinging	20
dry	20
crinkly	20
rubbing	20
scuffling	20
stepping	20
gut	20
drone	21
alien	21
warning	21
scratch	21
phased	22
compressed	23
electronic	24
digital	24
scanning	24
continuous	24
phone	24
ring	24
tetra	24
creepy	25
stuttering	25
screechy	25
raspy	26
metal	26
scrape	26
grinding	26
stretching	26
aggressive	28
melodic	28
scraping	29
slow	29
calculated	29
whoosh	29
opening	30
airy	31
coarse	31
mellow	31
dour	31
soft	31
smooth	31
silky	31
breath	31
metallic	32
construction	32
fuzzy	32
ghostly	33
reversed	33
breathy	34
musical	35
frenzied	35
collecting	35
distant	35
monotonous	35
echoing	36
thunder	36
machine	36
tinny	36
rubbery	37
strident	37
zipping	37
unzipping	37
buzzing	37
scratchy	37
ambience	38
rain	38
anthro	38
mechanistic	38
filmic	38
rounded	39
punctual	39
nature	39
sloshy	40
wet	40
liquid	40
moist	40
shallow	40
safe	40
swirly	41
spike	41
fluctuation	41
phasing	41
motorized	41
sizzling	42
frying	42
windy	43
stormy	43
serene	44
pattering	44
descending	45
harsh	45
brassy	45
percussive	45
young	46
skittering	46
uplifting	46
lovely	47
tinkling	48
paranormal	49
eerie	49
expansive	49
inclusive	49
light	49
jerk	50
sports	51
crowd	51
interior	51
whistle	51
applause	51
voices	51
echoey	51
hard	51
spatial	51
alarming	51
bubbling	52
consistent	52
bubbly	52
ugly	52
orchestral	54
intrusive	55
whiney	55
popping	56
swish	56
gurgly	57
quiet	57
orderly	57
harmless	58
hateful	59
relentless	60
ticking	60
impact	60
wheezy	60
assaulting	61
police	61
siren	61
ambulance	61
cycle	62
repetitive	62
enticing	62
wild	62
collision	64
sparking	64
tiny	64
electric	64
bracing	64
rustle	65
playful	65
broken	66
powerful	67
kind	67
loop	68
forceful	68
conversational	69
hollow	69
tripping	69
manufactured	69
interstellar	69
blunt	70
skillful	70
crunchy	71
fragmented	73
falling	73
small	73
enclosed	73
muted	73
thin	73
short	74
transient	74
roomy	74
rythm	74
crinkle	74
snap	75
layered	76
sustained	76
aspirational	76
suspended	76
awful	76
feedback	77
ominous	77
strong	78
boisterous	78
annoying	78
crashy	79
ending	80
concluding	80
watery	81
glottal	81
splashy	81
balanced	82
cold	83
insect	83
frenetic	83
kerplunk	84
raw	85
energetic	85
jar	85
plosive	86
flick	86
arctic	87
empty	87
subtle	88
instinctual	88
beating	88
stifled	88
buzzy	89
haunting	89
droning	90
calming	90
sublime	90
boomy	91
robust	91
stinger	92
announcing	92
instrument	92
notification	92
informative	92
warm	92
chime	92
reverb	92
happy	92
quick	92
muddy	93
dark	93
urgent	93
surprised	93
distorted	94
thick	94
damaged	94
baritone	94
wooshing	94
rocky	95
debris	95
earthy	95
granular	95
twinkling	96
chimney	96
filtered	96
destructive	96
retro	97
muffled	98
sweep	98
hit	98
magnetic	99
environmental	99
dynamic	99
cutting	100
edgy	100
nervous	2
affection	2
blank	2
dropping	3
relieved	3
pain	3
mechanical	3
action	4
movement	4
speed	4
exciting	4
furious	4
alive	5
oppressive	5
peaceful	5
calm	5
ominous	7
purposeful	7
impactful	7
enticing	7
open	7
focussed	7
approach	7
growing	7
strength	7
dark	7
implacability	8
urgent	8
intense	8
torrential	8
powerful	9
naturalistic	9
majestic	9
explosive	9
abrasive	9
animal	10
flutter	11
undulate	11
warm	11
uncomfortable	12
annoying	12
mysterious	12
amazonian	12
impending	13
unsettling	13
happy	13
hot	13
itchy	13
focused	13
chromatic	13
startled	14
alarming	14
expectant	15
humorous	15
oops	16
silly	16
anxious	17
sad	17
upset	17
displeased	17
negative	17
emotional	17
smoothed	18
intimacy	18
awkward	18
reassuring	18
whisper	18
tense	19
unpleasant	20
cautious	20
jaunty	20
travel	20
motion	20
trudging	20
walking	20
empty	20
sorrow	20
finality	20
mellow	21
moody	21
curious	21
anguish	21
sharp	21
grainy	21
sand	21
futuristic	22
uplifting	22
antiseptic	22
artificial	22
comical	23
amusing	23
alert	24
bright	24
noisy	24
angry	24
uneasy	25
concerning	25
fearful	25
irritating	25
tension	26
determined	28
annoyed	28
gentle	28
neutral	29
anticipatory	29
texture	30
fuzz	30
relaxed	31
frustrating	31
moist	31
natural	31
suspenseful	32
dangerous	32
edgy	32
terrifying	32
scare	33
fear	33
defensive	33
disturbing	34
profound	35
boring	35
timid	36
exploratory	36
accidental	37
unconscious	37
impatient	37
confused	38
homey	38
nostalgic	38
romantic	38
anticipation	38
nature	39
peace	39
comfort	39
relaxing	39
comfortable	40
welcoming	40
calming	40
watery	40
fast	41
rush	41
unknown	41
danger	41
release	41
freeing	41
spinning	41
hungry	42
desolate	43
settling	44
pleasant	44
chaotic	45
jarring	45
worried	45
abrupt	45
melancholy	45
playful	46
strange	46
otherworldly	49
scary	49
painful	49
alarmed	50
shock	50
awe	50
indifferent	51
encouraging	51
swift	51
cringe	51
bored	52
gross	52
reliable	52
inspired	54
distressing	55
hopeful	55
busy	56
high	56
acute	56
funny	57
touching	57
hectic	57
soft	58
ripping	59
cheerful	60
industrious	60
sexy	60
agitated	60
panic	61
alarm	62
intriguing	62
unnerving	62
spooky	63
surprising	64
light	64
energizing	64
deliberate	65
loose	66
carefree	66
excited	67
mulled	67
inquisitive	68
immersed	68
suspense	68
clunky	70
clumsy	70
rushed	70
proximate	70
quick	70
brutal	71
satisfying	73
claustrophobic	73
close	73
papery	74
textural	74
crackle	74
conversational	75
positive	75
upbeat	75
regal	76
harmonious	76
dignified	76
courtly	76
synthesized	76
awful	76
intrigued	77
surprised	78
amused	78
falling	79
loud	79
sudden	80
probing	81
questioning	81
dynamic	82
neurotic	83
agitating	83
stimulating	83
enervating	83
irksome	83
jangling	83
comedic	84
tight	84
pleasent	85
energetic	85
hollow	85
elastic	85
jelly	85
alerting	86
spontaneous	86
breezy	87
comforting	88
rhythmic	88
smooth	88
chill	89
tranquil	90
warmth	90
brash	90
ardent	91
assertive	91
twinkly	92
alleviating	92
refreshing	92
joyful	92
proud	92
depth	93
radar	93
tone	93
warning	93
esoteric	94
unidentifiable	94
dizzy	94
gravity	94
confusing	95
overwhelmed	95
alerted	95
mystified	96
delighted	96
saccharine	96
unwelcome	96
nerdy	97
wonderment	97
horrific	98
steadiness	99
pause	99
mystic	100
